expression,SNP
0.391560977500248,0
0.000888576485806903,1
0.300582970415607,0
0.00211433531635011,1
0.348997196193852,1
0.000713886698285725,0
0.0401617476148144,1
0.0530821346258478,1
0.000631891867812938,0
0.000523323490293025,0
0.000384132774367561,0
0.00186675001275549,1
0.22043025894483,1
0.340921117927911,1
5.71470571591174e-06,1
0.660949603362081,0
0.437181921430015,1
0.00129486510615484,1
0.178027464732999,1
0.306123388962288,0
0.335701621650361,1
0.00102947161087643,0
0.35454017526916,1
0.00489008550847621,0
0.318096985339299,0
0.400531371864093,0
0.185640769652577,0
0.271649174913188,0
0.000405711027256122,1
0.110561424907189,1
0.299596348784095,1
0.000465365767513135,0
0.504524802746032,0
0.130768936336472,2
0.359066812998494,0
0.249474467757942,0
0,1
0.296209521523848,1
0.224446592567435,0
0.311707705575999,1
0.160211570910251,0
0.127717792108709,0
7.27927258805099e-06,1
0.000516574110423646,0
0.285244771550761,1
0.000133682729095646,0
0.00176848209434573,1
0.107497595082734,0
0.248068435086887,1
0.341792236691563,0
0.242101248093794,0
0.308098712654497,1
0.267051522574951,0
0.428934556683849,0
0.000359917612452064,0
0.483167240843402,0
0.540391369856102,0
0.000874054535254508,0
0.188313562627045,0
0.325691501462055,0
0.000539931445289825,2
0.000585853262789828,0
0.0953830124940764,1
0.189337517695188,0
0.340367427951366,0
0.000444128778134613,0
0.000587032907720257,1
0.000549844786147031,0
0.183928545028318,1
0.000454083160059792,1
0.0009525696585891,1
0.000398480812442128,0
0.145029156393701,1
8.88333851105838e-06,1
0.000524823348198027,2
0.577074440482801,1
0.00653779838370869,0
0.156396616597665,0
0.000633579080872582,2
0.188194539247815,1
0.0406866873136029,0
0.269827906348259,0
0.000795031915603058,0
0.248606483355713,0
0.000610350165600978,2
0.141273209306769,1
0.219766388816696,0
0.490330859399672,0
0.000453927398020154,1
0.00056800849186945,1
0.000909000975480246,1
0.000643908531141309,0
0.391010986322415,0
0.15260139926796,1
0.0847877446301729,1
0.295952192107974,1
0.215415191423457,2
0.152860953353118,0
0.296417466558715,2
0.158863075408436,0
0.278741294503907,1
0.00049434275664552,1
0.383238131643646,0
0.323148675493096,0
0.429274229276879,0
0.000507411920943322,1
0.385654119962883,0
0.000506959073928737,0
0.000457964225448912,1
0.372071729677758,1
0.124084312173535,1
0.000510897684447008,1
0.00166313202801867,0
0.000536416908761025,0
0.00055738141780379,2
0.387170609922024,1
0.16680155426095,0
0.3174302697115,0
0.389734198728414,0
0.000492127534542291,2
0.331269533622889,0
0.538175581967946,0
0.000552607933897396,0
0.497948508247939,1
0.447637379226966,1
0.265171617414969,1
0.449937416719941,0
0.485756548355745,0
0.353391048242941,1
0.036301746761874,0
0.277657501003426,1
0.00624833759715171,1
0.000472445655984504,1
0.481505616577055,1
0.000682226208788634,0
0.371513141696825,1
0.398773921960226,1
0.266270825575576,1
0.00115035023550079,1
0.00038727700883253,2
0.283842377459575,0
0.000485852495654319,1
0.000411856609244492,1
0.000551288372870962,1
0.000543846891372914,2
0.458953089146824,0
0.358671945665577,0
0.222725439353287,1
0.00152925386309117,1
0.000529514720598496,0
0.501576720112945,0
0.223861161403824,1
0.352087295420477,0
0.000604488078898861,1
0.151667916454737,0
0.000408089360494891,1
0.362688696100561,0
0.124351032640865,1
0.000702525282644255,1
0.000542805657761092,1
0.386239272204841,0
0.153472018813034,2
0.000496103682726656,1
0.361506741968662,1
9.41245676893908e-07,2
0.287547944493797,0
0.18158729119278,1
0.000465655655663762,2
0.000388331335460793,0
0.00347063962159408,1
0.333685913999502,1
0.482287613559461,0
0.0184575649237848,0
0.000551198959948972,0
0.325418653294894,0
0.000491765541544709,0
0.000454104793674936,2
0.387296360646489,1
0.315858333449966,1
0.258987988153733,1
0.0982160622345824,1
0.361068735324995,1
0.505523097205085,0
0.179725050087254,2
0.287140100132031,1
0.000359533951246279,0
0.000559136498398669,1
0.420564323624946,1
0.000677082539333923,0
0.160650464164481,1
0.184518978011944,1
0.26470816303836,1
2.36393744581086e-05,0
0.0129668381397389,1
0.267871339200624,0
0.00321516832426519,0
0.583114668203555,0
0.000613968351876773,1
0.383362013510761,0
0.000495613334975455,0
0.310514629618781,0
0.171359288908877,0
0.00198129141077993,0
0.139659397002789,0
0.0692400728118162,0
0.000735129810851775,0
0.000940076903262382,0
0.669772418897346,0
0.472125882565064,0
0.603327954411576,0
0.17467230503144,0
0.489787474332252,1
0.000638914698929309,0
0.359970888336751,1
0.28165433809563,0
0.000620590373564048,0
0.239179268171356,1
0.000687401584076662,1
0.358554927179019,0
0.381127187465773,1
0.519111094899078,0
0.19136429808039,0
0.209502026522107,1
0.000669036055800957,0
0.463473890322371,0
0.0004622390100265,1
1.01973037670267,0
0.00058028382589763,0
0.418239611429116,1
0.00044427444547617,1
0.000432085932184103,1
0.371032426820116,0
0.000652723763659949,0
0.461364059810649,0
0.000422326105317709,1
0.000535496811201671,0
0.000778899845659019,1
0.122428350973952,1
0.269110966080584,1
0.276316801424707,1
0.000769501404268507,1
0.438403578167002,0
9.64471592970241e-06,0
0.138735845776788,0
0.000488858056642843,0
0.00053586600402328,1
0.00159534424940518,0
0.423534069285047,1
0.511522689613753,1
0.300720012918968,0
0.186946735264161,1
0.185676287266674,0
0.129826489082975,1
0.290039791209553,1
0.107881063704848,2
0,1
0.229274125515899,1
0.151387364095902,1
0.00400219272033857,0
0.00040379566567892,0
0.127968395036529,0
0.453349002534209,0
0.195492490548017,0
0.0158883058543568,1
0.000312161104617957,0
0.000490608893987061,1
0.699539195443266,0
0.369457549662478,1
0.000673001622290579,0
0.521136190173958,1
0.000328116656176796,0
0.215713382376838,0
0.000897841506155246,1
0.00880148237059719,0
0.000720900478429444,0
0.000427609140825306,0
0.125045201212901,0
0.000433881548526113,0
0.000442892768514777,0
0.00107925291844845,0
0.52877333203915,0
0.000593604579489377,0
0.1260161591379,1
0.000665276688703789,1
0.00076607105884357,1
0.00204937800018182,1
0.0260541259648534,1
0.0639029758570353,2
0.13720983984204,0
0,1
0.657716824958717,0
0.000692734119077153,2
0.000282013544351655,2
0.370547088084066,0
0.201986337504939,0
0,1
0.000492022253719583,2
0.000498378028792309,1
0.177443298656973,0
0.000492870268894671,1
0.000588251488573225,1
0.000565791940746153,1
0.357683741291883,0
0,0
0.16932984714519,1
0.00119736834745122,0
0.209796452300255,1
0.139542839449748,0
0.000534862260819018,1
0.313471092021121,1
0.000641136905926369,1
0.210628254650266,1
0.000443896575708074,1
0.244191719542315,1
0.000759451146821603,1
0.38605271169627,0
0.00611222657132396,0
0.000391893828763783,1
0.0414678512800151,1
0.000521745753467446,0
0.000292946993878393,0
0.238285497085396,1
0.000482989707412728,0
0.00104362005100042,0
0.000433065228442083,2
0.0975722343557565,1
0.000877948889197348,1
0.229026731355939,2
0.000586285895516861,0
0.000546660525808702,1
0.000383511138210324,1
1.01780477683123e-05,0
0,0
0.000495172021857391,0
0.246395925382344,1
0.000605644635160132,2
0.214611011139998,2
0.707074154409013,1
0.148034701550673,2
0.217127707219965,1
0.000474131613303826,1
4.12936239794311e-06,0
0.000241951407928152,1
0.000780323016395695,1
0.0863546975477144,2
0.000586649306907333,0
0.0622086302837709,0
0.000392841421655111,1
0.284257078469907,0
0.365334198237741,1
0.000489217165958226,0
0.000761838990513109,0
0.450918256237222,0
0.000517148097375823,1
0,2
0.000561782815554897,1
0.202737414330081,2
0.000501223480171949,1
0.000652397862026034,1
0,2
0.000424118849264886,1
0.0004973367623638,1
0.000460346799252113,1
0.000323779452204093,1
0.248770408519178,1
0.349921185599257,1
0,2
0.248019842971689,0
0.000465211448921655,0
0.00048892007151094,0
0.000443600914179071,1
0.235844676040542,1
0.23130828709588,0
0.00054233695817529,0
0.0555183152966825,1
0.554368808556197,1
0.00068385279850866,1
0.000450069397692175,0
0.0170925296515403,1
0.000941804125042284,1
0.000574857137421433,1
0.00203886123789014,0
0.446067740720258,0
0.000390483255544506,1
0.374547649256832,0
0.401424040490525,0
0.0778134002530139,0
0.257912171762812,0
0.00106918175258188,0
0.0055577664736205,0
0.478685048983899,0
0.331669678877039,0
0.0190963891408118,0
0.483459298894074,0
0.27620363032591,1
0.0278392750798376,2
0.276385890994421,0
0.000804639264832912,2
0.651175255229674,1
0.0019212987862865,0
0.273836917035663,0
0.00073214927624962,2
0.00096041415975905,1
0.237701985262258,2
0.380287264523883,0
0.0238413968775935,0
0.407608361546278,1
0.000572588680408784,2
0.443563157807746,0
0.41842421504143,0
0.056943463619688,0
0.000692845153263207,0
0.642141480295365,0
0.000448560808589898,0
0.327103270589949,0
0.413772783564735,0
0.0397908640114666,1
0.0285110189018417,0
0.317236910849913,0
0.251931126688587,2
0.00114420347389037,1
0.000750798064198236,1
0.106626378374913,2
0.000349058230101078,1
0.238605900047,1
0.282329485772091,0
0.00318004450046494,0
0.00344241607321936,2
0.310528589427459,1
0.000441149084531621,1
0.000592099024676808,0
0.000162762886299597,0
0,1
0.0959751749733655,0
0.384907430263966,0
0.175739193002743,1
0.349920053621388,0
0.419052338102643,0
0.0021784253972516,1
0.229814306587777,1
0.000298831982539999,0
0.0983458444881189,1
0.000706024994649667,0
0.374604401900356,1
0.285876824448459,0
0.359356988462295,0
0.14346656389395,1
0.347712139243038,1
0.386440156545552,0
0.305930842678279,0
0.588797852328856,0
0.00043557620446963,0
0.296935436568657,0
0.181117820653574,0
0.190612331935578,0
0.198697813857414,0
0.296101425259572,0
0.335277435938676,1
0.146988814921845,0
0.177107742634943,1
0.339056409249573,1
0,1
0.207752947157041,1
0.000348514465547068,2
