x,y,type
5.7,0.552327881881243,point
6.2,0.00017690251848833,point
6.6,0.000132537190661449,point
6.6,0.00013176642930655,point
6.8,1.97426130607034,point
6.9,0.000843804808278206,point
7.2,0.00040983596900589,point
7.2,1.37184876639894,point
7.3,0.000494850411231808,point
7.6,0.00100378954529607,point
7.6,0.0330901433076328,point
7.6,9.33198745270028e-05,point
7.6,0.282528765986501,point
7.6,5.49460140640575e-05,point
7.6,0.000241836011674816,point
7.7,0.000554722113310231,point
7.7,1.14349138017309,point
7.8,1.15225482176703,point
7.8,1.64244743182906,point
7.8,2.21053848797838,point
7.8,0.984551436968709,point
7.9,1.46075304654931,point
7.9,0.000550736031667769,point
7.9,0.540410217249316,point
8,0.611260214122276,point
8,1.48232169361635,point
8.2,1.58841122552258,point
8.2,0.000441803867680584,point
8.2,0.750232599009251,point
8.2,0.000120450341529196,point
8.2,0.000342540253690846,point
8.2,1.65660162281536,point
8.2,0.565611797689326,point
8.2,1.91296404315089,point
8.3,0.830952160935301,point
8.3,2.00879521612505,point
8.3,0.00209735075159608,point
8.3,0.00197050041425414,point
8.3,2.81650345539389,point
8.3,2.64465003068025,point
8.3,1.28510625106125,point
8.3,0.22803303495843,point
8.3,0.00185924327154089,point
8.3,0.706407661292313,point
8.3,1.36539019456756,point
8.3,0.701475423280217,point
8.3,0.000199450343478126,point
8.3,1.41481747150756,point
8.3,0.0047794415374734,point
8.4,2.57667933837102,point
8.4,0.0886634784879651,point
8.4,1.4046579303256,point
8.4,0.167188340081878,point
8.4,0.953418720936117,point
8.4,0.00829917867312564,point
8.4,0.00100995564709416,point
8.4,2.01731620516938,point
8.4,0.000353215065356216,point
8.4,0.812132627814942,point
8.4,1.60844497532132,point
8.4,1.51503620362542,point
8.4,2.86902843658264,point
8.4,1.4430230906208,point
8.4,0.361629135436978,point
8.4,1.81968044430873,point
8.4,1.420304530169,point
8.5,0.432337311308155,point
8.5,1.71853479395334,point
8.5,1.95601946907136,point
8.5,1.67952288709459,point
8.5,0.000727010110688542,point
8.5,0.222121993722204,point
8.5,0.0264737432402031,point
8.5,1.76675203701031,point
8.5,1.79158072110762,point
8.5,2.68732948846008,point
8.5,2.73740987582294,point
8.5,0.280541850541692,point
8.6,0.445623952687405,point
8.6,3.04271962171451,point
8.6,2.17544156589224,point
8.6,2.50767795157319,point
8.6,0.903320609534589,point
8.6,0.819832469724652,point
8.6,0.000101773207343546,point
8.6,2.40425191002188,point
8.6,1.61531741464493,point
8.6,2.76981193107343,point
8.6,0.889430708844102,point
8.6,1.0779949188495,point
8.6,0.282177634749674,point
8.7,1.50570296073695,point
8.7,1.99910164269432,point
8.7,1.03232657729737,point
8.7,1.0419158025966,point
8.7,2.77403007196889,point
8.7,0.665386403521354,point
8.7,2.3238542490773,point
8.7,2.77175038553021,point
8.7,2.95317768740167,point
8.7,1.25224003486044,point
8.7,0.00503973972569953,point
8.7,0.609908110397763,point
8.7,2.40763555147768,point
8.7,0.62562866351612,point
8.7,0.660280622729124,point
8.7,0.295586681947106,point
8.7,1.94786810126739,point
8.7,1.54817025640759,point
8.7,2.79226399685047,point
8.8,2.58793379513916,point
8.8,2.60688041869317,point
8.8,3.02442606871214,point
8.8,2.96896624372088,point
8.8,2.75691653434787,point
8.8,0.455601035100499,point
8.8,2.69534356327109,point
8.8,1.56650832041368,point
8.8,1.62410557489641,point
8.8,2.75096874087459,point
8.8,1.53266107026264,point
8.8,2.57431468656794,point
8.8,2.21611646341679,point
8.8,1.98831749119851,point
8.8,2.61688931638668,point
8.8,0.92526649519837,point
8.8,1.37728481099987,point
8.8,2.92717777091384,point
8.8,2.28210466939382,point
8.8,1.08717766863604,point
8.8,2.78727364230009,point
8.8,1.14106651178814,point
8.8,2.73381636293106,point
8.8,2.56004480149267,point
8.8,3.71423452566203,point
8.8,1.08663432671287,point
8.8,1.41262979731829,point
8.8,0.000358654126291664,point
8.8,1.12767949804863,point
8.9,2.46044639435501,point
8.9,2.00031014609428,point
8.9,2.35044915644792,point
8.9,2.47674717586001,point
8.9,2.72297961991158,point
8.9,2.8369925659847,point
8.9,2.65702712976871,point
8.9,1.88966433168839,point
8.9,1.8278474718447,point
8.9,1.57738773707873,point
8.9,3.44917440313421,point
8.9,2.92584375095643,point
8.9,2.52790607560381,point
8.9,3.11500160455018,point
8.9,2.74000575387271,point
8.9,2.99137218350336,point
8.9,2.639320158016,point
8.9,2.01935676485096,point
8.9,1.72627320893565,point
8.9,0.922154452694987,point
8.9,1.75485330454238,point
8.9,2.59185411892892,point
9,2.04505148876368,point
9,2.08693658591244,point
9,2.41039538105889,point
9,2.03994902392021,point
9,2.84130292500173,point
9,2.64906816575384,point
9,2.12050788103307,point
9,2.58227177131949,point
9,2.15116717021497,point
9,3.05073675835721,point
9,2.78697684866569,point
9,2.08277751488909,point
9,1.42139297846488,point
9,1.46450098831569,point
9,2.02126650549107,point
9,2.65715292767948,point
9,2.73609610844519,point
9,1.62008900544923,point
9,2.67293896311932,point
9,2.7966600452355,point
9,3.02812177665599,point
9,2.29396780462389,point
9,2.99402570984669,point
9,2.41155369623752,point
9,3.50110789237729,point
9,2.38226606411905,point
9.1,2.04137616950359,point
9.1,2.42314785293203,point
9.1,3.1626241554092,point
9.1,3.01603983402899,point
9.1,3.66181799397209,point
9.1,0.0123163103039034,point
9.1,2.68831018410669,point
9.1,2.63314985157609,point
9.1,2.8699345597083,point
9.1,2.79330703464085,point
9.1,2.81082763416685,point
9.1,0.978027183371445,point
9.1,1.63028430983443,point
9.1,2.54284739104227,point
9.1,2.14445105082939,point
9.1,1.81193952207425,point
9.1,2.62725429190069,point
9.1,2.87113395182818,point
9.1,1.10108525732756,point
9.1,2.65041303167391,point
9.1,2.53825257610566,point
9.1,2.66157860022051,point
9.2,2.93285677819925,point
9.2,0.144927384856725,point
9.2,2.98736634740152,point
9.2,2.54476232544843,point
9.2,2.2882049815687,point
9.2,3.43580591997492,point
9.2,3.18555894896426,point
9.2,3.0456998231024,point
9.2,3.1974188037226,point
9.2,2.73601165743334,point
9.2,2.70712938703773,point
9.2,2.80740232411592,point
9.2,2.29597569441579,point
9.2,2.89203735226619,point
9.2,0.00105999712247384,point
9.2,2.80897807104537,point
9.2,3.03150988738396,point
9.2,2.87553238571253,point
9.2,2.96006496893204,point
9.2,2.89602572671283,point
9.2,2.62775156726558,point
9.2,0.288032479219306,point
9.2,3.30868705540369,point
9.2,0.967122853818608,point
9.2,3.33957924952152,point
9.2,2.95545230434319,point
9.2,2.64060473348476,point
9.2,1.76939515092819,point
9.2,3.37742086650031,point
9.2,3.74675346287001,point
9.2,2.57841949091176,point
9.2,2.88100478293,point
9.2,3.58547937384324,point
9.2,3.52950864107431,point
9.2,0.215034908548695,point
9.2,2.65771773945492,point
9.2,2.93031913189994,point
9.2,3.06070111889635,point
9.2,3.15678005456234,point
9.2,5.04409305386545e-05,point
9.2,3.12785775485362,point
9.2,3.098749671578,point
9.2,3.50879625205926,point
9.2,2.75135659697461,point
9.2,1.57643990316879,point
9.2,2.47413488249172,point
9.2,2.57752309110337,point
9.2,2.76373662229921,point
9.2,2.92668833075653,point
9.2,2.95210055416844,point
9.2,2.87486580451048,point
9.3,2.76561748679411,point
9.3,2.83293860938978,point
9.3,2.43293536215838,point
9.3,2.87749887278353,point
9.3,1.98049697891721,point
9.3,3.10072876977197,point
9.3,2.5641879105204,point
9.3,2.49598929917979,point
9.3,2.69530569723029,point
9.3,3.12967537663759,point
9.3,2.67958594017619,point
9.3,2.26369248533323,point
9.3,2.47860687995838,point
9.3,2.38954203243663,point
9.3,2.91838432611831,point
9.3,3.10360170470224,point
9.3,2.79460717322411,point
9.3,3.16629446361681,point
9.3,2.96179370069617,point
9.3,1.80587024347846,point
9.3,2.52614144552697,point
9.3,2.89306898183963,point
9.3,3.24309475210433,point
9.3,3.30819484445223,point
9.3,2.7734942473766,point
9.3,2.4184733307375,point
9.3,2.73551134621203,point
9.3,2.29394132767633,point
9.3,3.19839514175838,point
9.3,2.68603879088839,point
9.3,2.55909284491143,point
9.3,2.38398900227456,point
9.3,2.34028595151251,point
9.4,2.96388098058626,point
9.4,2.8593573659134,point
9.4,2.86760987281529,point
9.4,2.93248076218036,point
9.4,2.73379901265419,point
9.4,2.50738365138411,point
9.4,2.91081707244119,point
9.4,2.46002955738096,point
9.4,2.54001734697414,point
9.4,2.2329584737694,point
9.4,2.58091246616872,point
9.4,2.70348170510478,point
9.4,2.97824506127909,point
9.4,2.96819583910262,point
9.4,2.56977785256604,point
9.4,2.41974651679372,point
9.4,2.72539434458535,point
9.4,2.41259999172487,point
9.4,2.51482417992989,point
9.4,2.63844460271738,point
9.4,2.46446177956743,point
9.4,3.21659299716397,point
9.4,2.97109285690117,point
9.4,3.035748820601,point
9.4,2.86543585637092,point
9.5,2.85861763038128,point
9.5,2.68742355667145,point
9.5,2.67818010318333,point
9.5,3.07374312757702,point
9.5,2.9700492748684,point
9.5,2.20813015858006,point
9.5,3.3278482932923,point
9.5,2.99074978350801,point
9.5,3.00807269471635,point
9.5,3.22489692880865,point
9.5,3.50064910908038,point
9.5,3.07467839869115,point
9.5,1.76547534004998,point
9.5,3.31325020599138,point
9.5,3.27068292130242,point
9.5,3.14176792027421,point
9.5,3.31834721354245,point
9.5,3.2942957842914,point
9.5,1.80893277947487,point
9.5,2.50448056496291,point
9.5,2.81911225054623,point
9.5,2.00622261036532,point
9.6,2.89597533433405,point
9.6,2.29489419179427,point
9.6,2.52273875781221,point
9.6,3.06947017581263,point
9.6,2.55306308579814,point
9.6,3.32955849252432,point
9.6,3.17025998839649,point
9.6,2.97555315245239,point
9.6,2.88708264639738,point
9.6,3.20357078977455,point
9.6,2.65033949876248,point
9.6,2.93264516315027,point
9.6,3.06987226952325,point
9.6,3.41338827789742,point
9.6,2.76551353010343,point
9.6,2.97772319787,point
9.6,3.34078442410907,point
9.6,2.75206346968423,point
9.6,2.92981750368321,point
9.6,2.79539085066161,point
9.6,3.44694300101182,point
9.6,3.08324230697431,point
9.6,3.18689192115931,point
9.6,3.09549070261727,point
9.6,2.94992706866259,point
9.6,2.96887042631496,point
9.6,3.1533870559877,point
9.6,2.86804665456247,point
9.7,2.84809107940757,point
9.7,2.82067322421714,point
9.7,3.05679506189012,point
9.7,2.16603410069728,point
9.7,2.9553481449481,point
9.7,2.58073643408663,point
9.7,3.01794328109881,point
9.7,3.24827523697161,point
9.7,2.71154556528119,point
9.7,2.90494645693941,point
9.7,2.93424850717928,point
9.7,3.65965060295498,point
9.7,3.7753034388265,point
9.7,4.00583111486231,point
9.7,3.42166900125421,point
9.7,2.85239042970757,point
9.7,3.1487486729542,point
9.7,2.87233234765531,point
9.7,2.02013945965182,point
9.7,1.80594038768242,point
9.7,2.84109959142042,point
9.7,3.10553896374291,point
9.7,3.27248609145923,point
9.7,3.2335843997985,point
9.8,2.44906212235733,point
9.8,2.29416783696839,point
9.8,3.55197120991713,point
9.8,3.38880258672564,point
9.8,2.85036338895715,point
9.8,3.22800593575563,point
9.8,3.43730764964514,point
9.8,3.17893130798117,point
9.8,2.67684734898573,point
9.8,3.27436603851772,point
9.8,2.70216548053199,point
9.9,2.32632449465351,point
9.9,2.80471856576188,point
9.9,3.36012544649667,point
9.9,2.73616106739823,point
9.9,3.05058876150885,point
9.9,2.84981115658833,point
9.9,3.43216303358577,point
9.9,3.23756065916464,point
9.9,3.10211050871942,point
9.9,3.43379272369816,point
9.9,3.33149742364403,point
9.9,3.39196288843842,point
9.9,3.21781853346443,point
9.9,2.75154941479161,point
9.9,2.67265841740075,point
9.9,3.10838561683574,point
9.9,3.53694808833939,point
10,3.75908124645652,point
10,2.80912628806282,point
10,2.95510259661568,point
10,3.51716228914239,point
10,2.81727942538389,point
10,2.70709845702616,point
10,3.33679895207826,point
10,2.27117464683243,point
10,3.27572076651121,point
10,2.91030669703123,point
10,0.000194721835138015,point
10,3.12104193303998,point
10,3.10239274512088,point
10,3.84057401248159,point
10,2.99076611813402,point
10,2.47165830834547,point
10,2.6813660521334,point
10,3.13510140513785,point
10,3.89852762593952,point
10,2.51327596764282,point
10,3.91247742092136,point
10,3.2189113298858,point
10,3.39437145680571,point
10,3.22662566695821,point
10,3.32690832846904,point
10,3.4450618724066,point
10,3.64048211169989,point
10,3.49913153635825,point
10,2.45497073605459,point
10,3.06078756963067,point
10,3.44561945055804,point
10,3.9484980611541,point
10,3.55268446568851,point
10,3.09936253975777,point
10,3.45639483053992,point
10,3.71898624772924,point
10,3.20469007610413,point
10,3.167560250567,point
10,2.64714639641987,point
10,2.92701274569459,point
10,3.37054374035341,point
10,3.30254717323298,point
10,2.28089991107055,point
10,3.02088973640213,point
5.7,0.86468986181709,YRI_line
6.2,0.809266180056203,YRI_line
6.6,0.796035581049008,YRI_line
6.6,0.796035581049008,YRI_line
6.8,0.807937154403454,YRI_line
6.9,0.819813340395252,YRI_line
7.2,0.883587545114873,YRI_line
7.2,0.883587545114873,YRI_line
7.3,0.915461953793359,YRI_line
7.6,1.04811892554491,YRI_line
7.6,1.04811892554491,YRI_line
7.6,1.04811892554491,YRI_line
7.6,1.04811892554491,YRI_line
7.6,1.04811892554491,YRI_line
7.6,1.04811892554491,YRI_line
7.7,1.10591695622465,YRI_line
7.7,1.10591695622465,YRI_line
7.8,1.17112173604762,YRI_line
7.8,1.17112173604762,YRI_line
7.8,1.17112173604762,YRI_line
7.8,1.17112173604762,YRI_line
7.9,1.24410360247096,YRI_line
7.9,1.24410360247096,YRI_line
7.9,1.24410360247096,YRI_line
8,1.32523289295185,YRI_line
8,1.32523289295185,YRI_line
8.2,1.51341509591488,YRI_line
8.2,1.51341509591488,YRI_line
8.2,1.51341509591488,YRI_line
8.2,1.51341509591488,YRI_line
8.2,1.51341509591488,YRI_line
8.2,1.51341509591488,YRI_line
8.2,1.51341509591488,YRI_line
8.2,1.51341509591488,YRI_line
8.3,1.62120868331135,YRI_line
8.3,1.62120868331135,YRI_line
8.3,1.62120868331135,YRI_line
8.3,1.62120868331135,YRI_line
8.3,1.62120868331135,YRI_line
8.3,1.62120868331135,YRI_line
8.3,1.62120868331135,YRI_line
8.3,1.62120868331135,YRI_line
8.3,1.62120868331135,YRI_line
8.3,1.62120868331135,YRI_line
8.3,1.62120868331135,YRI_line
8.3,1.62120868331135,YRI_line
8.3,1.62120868331135,YRI_line
8.3,1.62120868331135,YRI_line
8.3,1.62120868331135,YRI_line
8.4,1.738631044594,YRI_line
8.4,1.738631044594,YRI_line
8.4,1.738631044594,YRI_line
8.4,1.738631044594,YRI_line
8.4,1.738631044594,YRI_line
8.4,1.738631044594,YRI_line
8.4,1.738631044594,YRI_line
8.4,1.738631044594,YRI_line
8.4,1.738631044594,YRI_line
8.4,1.738631044594,YRI_line
8.4,1.738631044594,YRI_line
8.4,1.738631044594,YRI_line
8.4,1.738631044594,YRI_line
8.4,1.738631044594,YRI_line
8.4,1.738631044594,YRI_line
8.4,1.738631044594,YRI_line
8.4,1.738631044594,YRI_line
8.5,1.86605251721999,YRI_line
8.5,1.86605251721999,YRI_line
8.5,1.86605251721999,YRI_line
8.5,1.86605251721999,YRI_line
8.5,1.86605251721999,YRI_line
8.5,1.86605251721999,YRI_line
8.5,1.86605251721999,YRI_line
8.5,1.86605251721999,YRI_line
8.5,1.86605251721999,YRI_line
8.5,1.86605251721999,YRI_line
8.5,1.86605251721999,YRI_line
8.5,1.86605251721999,YRI_line
8.6,2.00384343864649,YRI_line
8.6,2.00384343864649,YRI_line
8.6,2.00384343864649,YRI_line
8.6,2.00384343864649,YRI_line
8.6,2.00384343864649,YRI_line
8.6,2.00384343864649,YRI_line
8.6,2.00384343864649,YRI_line
8.6,2.00384343864649,YRI_line
8.6,2.00384343864649,YRI_line
8.6,2.00384343864649,YRI_line
8.6,2.00384343864649,YRI_line
8.6,2.00384343864649,YRI_line
8.6,2.00384343864649,YRI_line
8.7,2.15237414633066,YRI_line
8.7,2.15237414633066,YRI_line
8.7,2.15237414633066,YRI_line
8.7,2.15237414633066,YRI_line
8.7,2.15237414633066,YRI_line
8.7,2.15237414633066,YRI_line
8.7,2.15237414633066,YRI_line
8.7,2.15237414633066,YRI_line
8.7,2.15237414633066,YRI_line
8.7,2.15237414633066,YRI_line
8.7,2.15237414633066,YRI_line
8.7,2.15237414633066,YRI_line
8.7,2.15237414633066,YRI_line
8.7,2.15237414633066,YRI_line
8.7,2.15237414633066,YRI_line
8.7,2.15237414633066,YRI_line
8.7,2.15237414633066,YRI_line
8.7,2.15237414633066,YRI_line
8.7,2.15237414633066,YRI_line
8.8,2.31201497772966,YRI_line
8.8,2.31201497772966,YRI_line
8.8,2.31201497772966,YRI_line
8.8,2.31201497772966,YRI_line
8.8,2.31201497772966,YRI_line
8.8,2.31201497772966,YRI_line
8.8,2.31201497772966,YRI_line
8.8,2.31201497772966,YRI_line
8.8,2.31201497772966,YRI_line
8.8,2.31201497772966,YRI_line
8.8,2.31201497772966,YRI_line
8.8,2.31201497772966,YRI_line
8.8,2.31201497772966,YRI_line
8.8,2.31201497772966,YRI_line
8.8,2.31201497772966,YRI_line
8.8,2.31201497772966,YRI_line
8.8,2.31201497772966,YRI_line
8.8,2.31201497772966,YRI_line
8.8,2.31201497772966,YRI_line
8.8,2.31201497772966,YRI_line
8.8,2.31201497772966,YRI_line
8.8,2.31201497772966,YRI_line
8.8,2.31201497772966,YRI_line
8.8,2.31201497772966,YRI_line
8.8,2.31201497772966,YRI_line
8.8,2.31201497772966,YRI_line
8.8,2.31201497772966,YRI_line
8.8,2.31201497772966,YRI_line
8.8,2.31201497772966,YRI_line
8.9,2.48079958552923,YRI_line
8.9,2.48079958552923,YRI_line
8.9,2.48079958552923,YRI_line
8.9,2.48079958552923,YRI_line
8.9,2.48079958552923,YRI_line
8.9,2.48079958552923,YRI_line
8.9,2.48079958552923,YRI_line
8.9,2.48079958552923,YRI_line
8.9,2.48079958552923,YRI_line
8.9,2.48079958552923,YRI_line
8.9,2.48079958552923,YRI_line
8.9,2.48079958552923,YRI_line
8.9,2.48079958552923,YRI_line
8.9,2.48079958552923,YRI_line
8.9,2.48079958552923,YRI_line
8.9,2.48079958552923,YRI_line
8.9,2.48079958552923,YRI_line
8.9,2.48079958552923,YRI_line
8.9,2.48079958552923,YRI_line
8.9,2.48079958552923,YRI_line
8.9,2.48079958552923,YRI_line
8.9,2.48079958552923,YRI_line
9,2.64741488332951,YRI_line
9,2.64741488332951,YRI_line
9,2.64741488332951,YRI_line
9,2.64741488332951,YRI_line
9,2.64741488332951,YRI_line
9,2.64741488332951,YRI_line
9,2.64741488332951,YRI_line
9,2.64741488332951,YRI_line
9,2.64741488332951,YRI_line
9,2.64741488332951,YRI_line
9,2.64741488332951,YRI_line
9,2.64741488332951,YRI_line
9,2.64741488332951,YRI_line
9,2.64741488332951,YRI_line
9,2.64741488332951,YRI_line
9,2.64741488332951,YRI_line
9,2.64741488332951,YRI_line
9,2.64741488332951,YRI_line
9,2.64741488332951,YRI_line
9,2.64741488332951,YRI_line
9,2.64741488332951,YRI_line
9,2.64741488332951,YRI_line
9,2.64741488332951,YRI_line
9,2.64741488332951,YRI_line
9,2.64741488332951,YRI_line
9,2.64741488332951,YRI_line
9.1,2.79821109995922,YRI_line
9.1,2.79821109995922,YRI_line
9.1,2.79821109995922,YRI_line
9.1,2.79821109995922,YRI_line
9.1,2.79821109995922,YRI_line
9.1,2.79821109995922,YRI_line
9.1,2.79821109995922,YRI_line
9.1,2.79821109995922,YRI_line
9.1,2.79821109995922,YRI_line
9.1,2.79821109995922,YRI_line
9.1,2.79821109995922,YRI_line
9.1,2.79821109995922,YRI_line
9.1,2.79821109995922,YRI_line
9.1,2.79821109995922,YRI_line
9.1,2.79821109995922,YRI_line
9.1,2.79821109995922,YRI_line
9.1,2.79821109995922,YRI_line
9.1,2.79821109995922,YRI_line
9.1,2.79821109995922,YRI_line
9.1,2.79821109995922,YRI_line
9.1,2.79821109995922,YRI_line
9.1,2.79821109995922,YRI_line
9.2,2.91953846424708,YRI_line
9.2,2.91953846424708,YRI_line
9.2,2.91953846424708,YRI_line
9.2,2.91953846424708,YRI_line
9.2,2.91953846424708,YRI_line
9.2,2.91953846424708,YRI_line
9.2,2.91953846424708,YRI_line
9.2,2.91953846424708,YRI_line
9.2,2.91953846424708,YRI_line
9.2,2.91953846424708,YRI_line
9.2,2.91953846424708,YRI_line
9.2,2.91953846424708,YRI_line
9.2,2.91953846424708,YRI_line
9.2,2.91953846424708,YRI_line
9.2,2.91953846424708,YRI_line
9.2,2.91953846424708,YRI_line
9.2,2.91953846424708,YRI_line
9.2,2.91953846424708,YRI_line
9.2,2.91953846424708,YRI_line
9.2,2.91953846424708,YRI_line
9.2,2.91953846424708,YRI_line
9.2,2.91953846424708,YRI_line
9.2,2.91953846424708,YRI_line
9.2,2.91953846424708,YRI_line
9.2,2.91953846424708,YRI_line
9.2,2.91953846424708,YRI_line
9.2,2.91953846424708,YRI_line
9.2,2.91953846424708,YRI_line
9.2,2.91953846424708,YRI_line
9.2,2.91953846424708,YRI_line
9.2,2.91953846424708,YRI_line
9.2,2.91953846424708,YRI_line
9.2,2.91953846424708,YRI_line
9.2,2.91953846424708,YRI_line
9.2,2.91953846424708,YRI_line
9.2,2.91953846424708,YRI_line
9.2,2.91953846424708,YRI_line
9.2,2.91953846424708,YRI_line
9.2,2.91953846424708,YRI_line
9.2,2.91953846424708,YRI_line
9.2,2.91953846424708,YRI_line
9.2,2.91953846424708,YRI_line
9.2,2.91953846424708,YRI_line
9.2,2.91953846424708,YRI_line
9.2,2.91953846424708,YRI_line
9.2,2.91953846424708,YRI_line
9.2,2.91953846424708,YRI_line
9.2,2.91953846424708,YRI_line
9.2,2.91953846424708,YRI_line
9.2,2.91953846424708,YRI_line
9.2,2.91953846424708,YRI_line
9.3,3.00193171620359,YRI_line
9.3,3.00193171620359,YRI_line
9.3,3.00193171620359,YRI_line
9.3,3.00193171620359,YRI_line
9.3,3.00193171620359,YRI_line
9.3,3.00193171620359,YRI_line
9.3,3.00193171620359,YRI_line
9.3,3.00193171620359,YRI_line
9.3,3.00193171620359,YRI_line
9.3,3.00193171620359,YRI_line
9.3,3.00193171620359,YRI_line
9.3,3.00193171620359,YRI_line
9.3,3.00193171620359,YRI_line
9.3,3.00193171620359,YRI_line
9.3,3.00193171620359,YRI_line
9.3,3.00193171620359,YRI_line
9.3,3.00193171620359,YRI_line
9.3,3.00193171620359,YRI_line
9.3,3.00193171620359,YRI_line
9.3,3.00193171620359,YRI_line
9.3,3.00193171620359,YRI_line
9.3,3.00193171620359,YRI_line
9.3,3.00193171620359,YRI_line
9.3,3.00193171620359,YRI_line
9.3,3.00193171620359,YRI_line
9.3,3.00193171620359,YRI_line
9.3,3.00193171620359,YRI_line
9.3,3.00193171620359,YRI_line
9.3,3.00193171620359,YRI_line
9.3,3.00193171620359,YRI_line
9.3,3.00193171620359,YRI_line
9.3,3.00193171620359,YRI_line
9.3,3.00193171620359,YRI_line
9.4,3.05266364056632,YRI_line
9.4,3.05266364056632,YRI_line
9.4,3.05266364056632,YRI_line
9.4,3.05266364056632,YRI_line
9.4,3.05266364056632,YRI_line
9.4,3.05266364056632,YRI_line
9.4,3.05266364056632,YRI_line
9.4,3.05266364056632,YRI_line
9.4,3.05266364056632,YRI_line
9.4,3.05266364056632,YRI_line
9.4,3.05266364056632,YRI_line
9.4,3.05266364056632,YRI_line
9.4,3.05266364056632,YRI_line
9.4,3.05266364056632,YRI_line
9.4,3.05266364056632,YRI_line
9.4,3.05266364056632,YRI_line
9.4,3.05266364056632,YRI_line
9.4,3.05266364056632,YRI_line
9.4,3.05266364056632,YRI_line
9.4,3.05266364056632,YRI_line
9.4,3.05266364056632,YRI_line
9.4,3.05266364056632,YRI_line
9.4,3.05266364056632,YRI_line
9.4,3.05266364056632,YRI_line
9.4,3.05266364056632,YRI_line
9.5,3.08319153325462,YRI_line
9.5,3.08319153325462,YRI_line
9.5,3.08319153325462,YRI_line
9.5,3.08319153325462,YRI_line
9.5,3.08319153325462,YRI_line
9.5,3.08319153325462,YRI_line
9.5,3.08319153325462,YRI_line
9.5,3.08319153325462,YRI_line
9.5,3.08319153325462,YRI_line
9.5,3.08319153325462,YRI_line
9.5,3.08319153325462,YRI_line
9.5,3.08319153325462,YRI_line
9.5,3.08319153325462,YRI_line
9.5,3.08319153325462,YRI_line
9.5,3.08319153325462,YRI_line
9.5,3.08319153325462,YRI_line
9.5,3.08319153325462,YRI_line
9.5,3.08319153325462,YRI_line
9.5,3.08319153325462,YRI_line
9.5,3.08319153325462,YRI_line
9.5,3.08319153325462,YRI_line
9.5,3.08319153325462,YRI_line
9.6,3.10497269018786,YRI_line
9.6,3.10497269018786,YRI_line
9.6,3.10497269018786,YRI_line
9.6,3.10497269018786,YRI_line
9.6,3.10497269018786,YRI_line
9.6,3.10497269018786,YRI_line
9.6,3.10497269018786,YRI_line
9.6,3.10497269018786,YRI_line
9.6,3.10497269018786,YRI_line
9.6,3.10497269018786,YRI_line
9.6,3.10497269018786,YRI_line
9.6,3.10497269018786,YRI_line
9.6,3.10497269018786,YRI_line
9.6,3.10497269018786,YRI_line
9.6,3.10497269018786,YRI_line
9.6,3.10497269018786,YRI_line
9.6,3.10497269018786,YRI_line
9.6,3.10497269018786,YRI_line
9.6,3.10497269018786,YRI_line
9.6,3.10497269018786,YRI_line
9.6,3.10497269018786,YRI_line
9.6,3.10497269018786,YRI_line
9.6,3.10497269018786,YRI_line
9.6,3.10497269018786,YRI_line
9.6,3.10497269018786,YRI_line
9.6,3.10497269018786,YRI_line
9.6,3.10497269018786,YRI_line
9.6,3.10497269018786,YRI_line
9.7,3.12744191795865,YRI_line
9.7,3.12744191795865,YRI_line
9.7,3.12744191795865,YRI_line
9.7,3.12744191795865,YRI_line
9.7,3.12744191795865,YRI_line
9.7,3.12744191795865,YRI_line
9.7,3.12744191795865,YRI_line
9.7,3.12744191795865,YRI_line
9.7,3.12744191795865,YRI_line
9.7,3.12744191795865,YRI_line
9.7,3.12744191795865,YRI_line
9.7,3.12744191795865,YRI_line
9.7,3.12744191795865,YRI_line
9.7,3.12744191795865,YRI_line
9.7,3.12744191795865,YRI_line
9.7,3.12744191795865,YRI_line
9.7,3.12744191795865,YRI_line
9.7,3.12744191795865,YRI_line
9.7,3.12744191795865,YRI_line
9.7,3.12744191795865,YRI_line
9.7,3.12744191795865,YRI_line
9.7,3.12744191795865,YRI_line
9.7,3.12744191795865,YRI_line
9.7,3.12744191795865,YRI_line
9.8,3.15194406585266,YRI_line
9.8,3.15194406585266,YRI_line
9.8,3.15194406585266,YRI_line
9.8,3.15194406585266,YRI_line
9.8,3.15194406585266,YRI_line
9.8,3.15194406585266,YRI_line
9.8,3.15194406585266,YRI_line
9.8,3.15194406585266,YRI_line
9.8,3.15194406585266,YRI_line
9.8,3.15194406585266,YRI_line
9.8,3.15194406585266,YRI_line
9.9,3.17780149382881,YRI_line
9.9,3.17780149382881,YRI_line
9.9,3.17780149382881,YRI_line
9.9,3.17780149382881,YRI_line
9.9,3.17780149382881,YRI_line
9.9,3.17780149382881,YRI_line
9.9,3.17780149382881,YRI_line
9.9,3.17780149382881,YRI_line
9.9,3.17780149382881,YRI_line
9.9,3.17780149382881,YRI_line
9.9,3.17780149382881,YRI_line
9.9,3.17780149382881,YRI_line
9.9,3.17780149382881,YRI_line
9.9,3.17780149382881,YRI_line
9.9,3.17780149382881,YRI_line
9.9,3.17780149382881,YRI_line
9.9,3.17780149382881,YRI_line
10,3.20433656184603,YRI_line
10,3.20433656184603,YRI_line
10,3.20433656184603,YRI_line
10,3.20433656184603,YRI_line
10,3.20433656184603,YRI_line
10,3.20433656184603,YRI_line
10,3.20433656184603,YRI_line
10,3.20433656184603,YRI_line
10,3.20433656184603,YRI_line
10,3.20433656184603,YRI_line
10,3.20433656184603,YRI_line
10,3.20433656184603,YRI_line
10,3.20433656184603,YRI_line
10,3.20433656184603,YRI_line
10,3.20433656184603,YRI_line
10,3.20433656184603,YRI_line
10,3.20433656184603,YRI_line
10,3.20433656184603,YRI_line
10,3.20433656184603,YRI_line
10,3.20433656184603,YRI_line
10,3.20433656184603,YRI_line
10,3.20433656184603,YRI_line
10,3.20433656184603,YRI_line
10,3.20433656184603,YRI_line
10,3.20433656184603,YRI_line
10,3.20433656184603,YRI_line
10,3.20433656184603,YRI_line
10,3.20433656184603,YRI_line
10,3.20433656184603,YRI_line
10,3.20433656184603,YRI_line
10,3.20433656184603,YRI_line
10,3.20433656184603,YRI_line
10,3.20433656184603,YRI_line
10,3.20433656184603,YRI_line
10,3.20433656184603,YRI_line
10,3.20433656184603,YRI_line
10,3.20433656184603,YRI_line
10,3.20433656184603,YRI_line
10,3.20433656184603,YRI_line
10,3.20433656184603,YRI_line
10,3.20433656184603,YRI_line
10,3.20433656184603,YRI_line
10,3.20433656184603,YRI_line
10,3.20433656184603,YRI_line
5.7,0.416931428890509,CEU_line
6.2,0.361507747129622,CEU_line
6.6,0.348277148122427,CEU_line
6.6,0.348277148122427,CEU_line
6.8,0.360178721476873,CEU_line
6.9,0.372054907468671,CEU_line
7.2,0.435829112188292,CEU_line
7.2,0.435829112188292,CEU_line
7.3,0.467703520866778,CEU_line
7.6,0.600360492618324,CEU_line
7.6,0.600360492618324,CEU_line
7.6,0.600360492618324,CEU_line
7.6,0.600360492618324,CEU_line
7.6,0.600360492618324,CEU_line
7.6,0.600360492618324,CEU_line
7.7,0.658158523298073,CEU_line
7.7,0.658158523298073,CEU_line
7.8,0.723363303121038,CEU_line
7.8,0.723363303121038,CEU_line
7.8,0.723363303121038,CEU_line
7.8,0.723363303121038,CEU_line
7.9,0.796345169544383,CEU_line
7.9,0.796345169544383,CEU_line
7.9,0.796345169544383,CEU_line
8,0.877474460025267,CEU_line
8,0.877474460025267,CEU_line
8.2,1.0656566629883,CEU_line
8.2,1.0656566629883,CEU_line
8.2,1.0656566629883,CEU_line
8.2,1.0656566629883,CEU_line
8.2,1.0656566629883,CEU_line
8.2,1.0656566629883,CEU_line
8.2,1.0656566629883,CEU_line
8.2,1.0656566629883,CEU_line
8.3,1.17345025038477,CEU_line
8.3,1.17345025038477,CEU_line
8.3,1.17345025038477,CEU_line
8.3,1.17345025038477,CEU_line
8.3,1.17345025038477,CEU_line
8.3,1.17345025038477,CEU_line
8.3,1.17345025038477,CEU_line
8.3,1.17345025038477,CEU_line
8.3,1.17345025038477,CEU_line
8.3,1.17345025038477,CEU_line
8.3,1.17345025038477,CEU_line
8.3,1.17345025038477,CEU_line
8.3,1.17345025038477,CEU_line
8.3,1.17345025038477,CEU_line
8.3,1.17345025038477,CEU_line
8.4,1.29087261166742,CEU_line
8.4,1.29087261166742,CEU_line
8.4,1.29087261166742,CEU_line
8.4,1.29087261166742,CEU_line
8.4,1.29087261166742,CEU_line
8.4,1.29087261166742,CEU_line
8.4,1.29087261166742,CEU_line
8.4,1.29087261166742,CEU_line
8.4,1.29087261166742,CEU_line
8.4,1.29087261166742,CEU_line
8.4,1.29087261166742,CEU_line
8.4,1.29087261166742,CEU_line
8.4,1.29087261166742,CEU_line
8.4,1.29087261166742,CEU_line
8.4,1.29087261166742,CEU_line
8.4,1.29087261166742,CEU_line
8.4,1.29087261166742,CEU_line
8.5,1.41829408429341,CEU_line
8.5,1.41829408429341,CEU_line
8.5,1.41829408429341,CEU_line
8.5,1.41829408429341,CEU_line
8.5,1.41829408429341,CEU_line
8.5,1.41829408429341,CEU_line
8.5,1.41829408429341,CEU_line
8.5,1.41829408429341,CEU_line
8.5,1.41829408429341,CEU_line
8.5,1.41829408429341,CEU_line
8.5,1.41829408429341,CEU_line
8.5,1.41829408429341,CEU_line
8.6,1.55608500571991,CEU_line
8.6,1.55608500571991,CEU_line
8.6,1.55608500571991,CEU_line
8.6,1.55608500571991,CEU_line
8.6,1.55608500571991,CEU_line
8.6,1.55608500571991,CEU_line
8.6,1.55608500571991,CEU_line
8.6,1.55608500571991,CEU_line
8.6,1.55608500571991,CEU_line
8.6,1.55608500571991,CEU_line
8.6,1.55608500571991,CEU_line
8.6,1.55608500571991,CEU_line
8.6,1.55608500571991,CEU_line
8.7,1.70461571340408,CEU_line
8.7,1.70461571340408,CEU_line
8.7,1.70461571340408,CEU_line
8.7,1.70461571340408,CEU_line
8.7,1.70461571340408,CEU_line
8.7,1.70461571340408,CEU_line
8.7,1.70461571340408,CEU_line
8.7,1.70461571340408,CEU_line
8.7,1.70461571340408,CEU_line
8.7,1.70461571340408,CEU_line
8.7,1.70461571340408,CEU_line
8.7,1.70461571340408,CEU_line
8.7,1.70461571340408,CEU_line
8.7,1.70461571340408,CEU_line
8.7,1.70461571340408,CEU_line
8.7,1.70461571340408,CEU_line
8.7,1.70461571340408,CEU_line
8.7,1.70461571340408,CEU_line
8.7,1.70461571340408,CEU_line
8.8,1.86425654480307,CEU_line
8.8,1.86425654480307,CEU_line
8.8,1.86425654480307,CEU_line
8.8,1.86425654480307,CEU_line
8.8,1.86425654480307,CEU_line
8.8,1.86425654480307,CEU_line
8.8,1.86425654480307,CEU_line
8.8,1.86425654480307,CEU_line
8.8,1.86425654480307,CEU_line
8.8,1.86425654480307,CEU_line
8.8,1.86425654480307,CEU_line
8.8,1.86425654480307,CEU_line
8.8,1.86425654480307,CEU_line
8.8,1.86425654480307,CEU_line
8.8,1.86425654480307,CEU_line
8.8,1.86425654480307,CEU_line
8.8,1.86425654480307,CEU_line
8.8,1.86425654480307,CEU_line
8.8,1.86425654480307,CEU_line
8.8,1.86425654480307,CEU_line
8.8,1.86425654480307,CEU_line
8.8,1.86425654480307,CEU_line
8.8,1.86425654480307,CEU_line
8.8,1.86425654480307,CEU_line
8.8,1.86425654480307,CEU_line
8.8,1.86425654480307,CEU_line
8.8,1.86425654480307,CEU_line
8.8,1.86425654480307,CEU_line
8.8,1.86425654480307,CEU_line
8.9,2.03304115260265,CEU_line
8.9,2.03304115260265,CEU_line
8.9,2.03304115260265,CEU_line
8.9,2.03304115260265,CEU_line
8.9,2.03304115260265,CEU_line
8.9,2.03304115260265,CEU_line
8.9,2.03304115260265,CEU_line
8.9,2.03304115260265,CEU_line
8.9,2.03304115260265,CEU_line
8.9,2.03304115260265,CEU_line
8.9,2.03304115260265,CEU_line
8.9,2.03304115260265,CEU_line
8.9,2.03304115260265,CEU_line
8.9,2.03304115260265,CEU_line
8.9,2.03304115260265,CEU_line
8.9,2.03304115260265,CEU_line
8.9,2.03304115260265,CEU_line
8.9,2.03304115260265,CEU_line
8.9,2.03304115260265,CEU_line
8.9,2.03304115260265,CEU_line
8.9,2.03304115260265,CEU_line
8.9,2.03304115260265,CEU_line
9,2.19965645040293,CEU_line
9,2.19965645040293,CEU_line
9,2.19965645040293,CEU_line
9,2.19965645040293,CEU_line
9,2.19965645040293,CEU_line
9,2.19965645040293,CEU_line
9,2.19965645040293,CEU_line
9,2.19965645040293,CEU_line
9,2.19965645040293,CEU_line
9,2.19965645040293,CEU_line
9,2.19965645040293,CEU_line
9,2.19965645040293,CEU_line
9,2.19965645040293,CEU_line
9,2.19965645040293,CEU_line
9,2.19965645040293,CEU_line
9,2.19965645040293,CEU_line
9,2.19965645040293,CEU_line
9,2.19965645040293,CEU_line
9,2.19965645040293,CEU_line
9,2.19965645040293,CEU_line
9,2.19965645040293,CEU_line
9,2.19965645040293,CEU_line
9,2.19965645040293,CEU_line
9,2.19965645040293,CEU_line
9,2.19965645040293,CEU_line
9,2.19965645040293,CEU_line
9.1,2.35045266703264,CEU_line
9.1,2.35045266703264,CEU_line
9.1,2.35045266703264,CEU_line
9.1,2.35045266703264,CEU_line
9.1,2.35045266703264,CEU_line
9.1,2.35045266703264,CEU_line
9.1,2.35045266703264,CEU_line
9.1,2.35045266703264,CEU_line
9.1,2.35045266703264,CEU_line
9.1,2.35045266703264,CEU_line
9.1,2.35045266703264,CEU_line
9.1,2.35045266703264,CEU_line
9.1,2.35045266703264,CEU_line
9.1,2.35045266703264,CEU_line
9.1,2.35045266703264,CEU_line
9.1,2.35045266703264,CEU_line
9.1,2.35045266703264,CEU_line
9.1,2.35045266703264,CEU_line
9.1,2.35045266703264,CEU_line
9.1,2.35045266703264,CEU_line
9.1,2.35045266703264,CEU_line
9.1,2.35045266703264,CEU_line
9.2,2.4717800313205,CEU_line
9.2,2.4717800313205,CEU_line
9.2,2.4717800313205,CEU_line
9.2,2.4717800313205,CEU_line
9.2,2.4717800313205,CEU_line
9.2,2.4717800313205,CEU_line
9.2,2.4717800313205,CEU_line
9.2,2.4717800313205,CEU_line
9.2,2.4717800313205,CEU_line
9.2,2.4717800313205,CEU_line
9.2,2.4717800313205,CEU_line
9.2,2.4717800313205,CEU_line
9.2,2.4717800313205,CEU_line
9.2,2.4717800313205,CEU_line
9.2,2.4717800313205,CEU_line
9.2,2.4717800313205,CEU_line
9.2,2.4717800313205,CEU_line
9.2,2.4717800313205,CEU_line
9.2,2.4717800313205,CEU_line
9.2,2.4717800313205,CEU_line
9.2,2.4717800313205,CEU_line
9.2,2.4717800313205,CEU_line
9.2,2.4717800313205,CEU_line
9.2,2.4717800313205,CEU_line
9.2,2.4717800313205,CEU_line
9.2,2.4717800313205,CEU_line
9.2,2.4717800313205,CEU_line
9.2,2.4717800313205,CEU_line
9.2,2.4717800313205,CEU_line
9.2,2.4717800313205,CEU_line
9.2,2.4717800313205,CEU_line
9.2,2.4717800313205,CEU_line
9.2,2.4717800313205,CEU_line
9.2,2.4717800313205,CEU_line
9.2,2.4717800313205,CEU_line
9.2,2.4717800313205,CEU_line
9.2,2.4717800313205,CEU_line
9.2,2.4717800313205,CEU_line
9.2,2.4717800313205,CEU_line
9.2,2.4717800313205,CEU_line
9.2,2.4717800313205,CEU_line
9.2,2.4717800313205,CEU_line
9.2,2.4717800313205,CEU_line
9.2,2.4717800313205,CEU_line
9.2,2.4717800313205,CEU_line
9.2,2.4717800313205,CEU_line
9.2,2.4717800313205,CEU_line
9.2,2.4717800313205,CEU_line
9.2,2.4717800313205,CEU_line
9.2,2.4717800313205,CEU_line
9.2,2.4717800313205,CEU_line
9.3,2.55417328327701,CEU_line
9.3,2.55417328327701,CEU_line
9.3,2.55417328327701,CEU_line
9.3,2.55417328327701,CEU_line
9.3,2.55417328327701,CEU_line
9.3,2.55417328327701,CEU_line
9.3,2.55417328327701,CEU_line
9.3,2.55417328327701,CEU_line
9.3,2.55417328327701,CEU_line
9.3,2.55417328327701,CEU_line
9.3,2.55417328327701,CEU_line
9.3,2.55417328327701,CEU_line
9.3,2.55417328327701,CEU_line
9.3,2.55417328327701,CEU_line
9.3,2.55417328327701,CEU_line
9.3,2.55417328327701,CEU_line
9.3,2.55417328327701,CEU_line
9.3,2.55417328327701,CEU_line
9.3,2.55417328327701,CEU_line
9.3,2.55417328327701,CEU_line
9.3,2.55417328327701,CEU_line
9.3,2.55417328327701,CEU_line
9.3,2.55417328327701,CEU_line
9.3,2.55417328327701,CEU_line
9.3,2.55417328327701,CEU_line
9.3,2.55417328327701,CEU_line
9.3,2.55417328327701,CEU_line
9.3,2.55417328327701,CEU_line
9.3,2.55417328327701,CEU_line
9.3,2.55417328327701,CEU_line
9.3,2.55417328327701,CEU_line
9.3,2.55417328327701,CEU_line
9.3,2.55417328327701,CEU_line
9.4,2.60490520763973,CEU_line
9.4,2.60490520763973,CEU_line
9.4,2.60490520763973,CEU_line
9.4,2.60490520763973,CEU_line
9.4,2.60490520763973,CEU_line
9.4,2.60490520763973,CEU_line
9.4,2.60490520763973,CEU_line
9.4,2.60490520763973,CEU_line
9.4,2.60490520763973,CEU_line
9.4,2.60490520763973,CEU_line
9.4,2.60490520763973,CEU_line
9.4,2.60490520763973,CEU_line
9.4,2.60490520763973,CEU_line
9.4,2.60490520763973,CEU_line
9.4,2.60490520763973,CEU_line
9.4,2.60490520763973,CEU_line
9.4,2.60490520763973,CEU_line
9.4,2.60490520763973,CEU_line
9.4,2.60490520763973,CEU_line
9.4,2.60490520763973,CEU_line
9.4,2.60490520763973,CEU_line
9.4,2.60490520763973,CEU_line
9.4,2.60490520763973,CEU_line
9.4,2.60490520763973,CEU_line
9.4,2.60490520763973,CEU_line
9.5,2.63543310032804,CEU_line
9.5,2.63543310032804,CEU_line
9.5,2.63543310032804,CEU_line
9.5,2.63543310032804,CEU_line
9.5,2.63543310032804,CEU_line
9.5,2.63543310032804,CEU_line
9.5,2.63543310032804,CEU_line
9.5,2.63543310032804,CEU_line
9.5,2.63543310032804,CEU_line
9.5,2.63543310032804,CEU_line
9.5,2.63543310032804,CEU_line
9.5,2.63543310032804,CEU_line
9.5,2.63543310032804,CEU_line
9.5,2.63543310032804,CEU_line
9.5,2.63543310032804,CEU_line
9.5,2.63543310032804,CEU_line
9.5,2.63543310032804,CEU_line
9.5,2.63543310032804,CEU_line
9.5,2.63543310032804,CEU_line
9.5,2.63543310032804,CEU_line
9.5,2.63543310032804,CEU_line
9.5,2.63543310032804,CEU_line
9.6,2.65721425726128,CEU_line
9.6,2.65721425726128,CEU_line
9.6,2.65721425726128,CEU_line
9.6,2.65721425726128,CEU_line
9.6,2.65721425726128,CEU_line
9.6,2.65721425726128,CEU_line
9.6,2.65721425726128,CEU_line
9.6,2.65721425726128,CEU_line
9.6,2.65721425726128,CEU_line
9.6,2.65721425726128,CEU_line
9.6,2.65721425726128,CEU_line
9.6,2.65721425726128,CEU_line
9.6,2.65721425726128,CEU_line
9.6,2.65721425726128,CEU_line
9.6,2.65721425726128,CEU_line
9.6,2.65721425726128,CEU_line
9.6,2.65721425726128,CEU_line
9.6,2.65721425726128,CEU_line
9.6,2.65721425726128,CEU_line
9.6,2.65721425726128,CEU_line
9.6,2.65721425726128,CEU_line
9.6,2.65721425726128,CEU_line
9.6,2.65721425726128,CEU_line
9.6,2.65721425726128,CEU_line
9.6,2.65721425726128,CEU_line
9.6,2.65721425726128,CEU_line
9.6,2.65721425726128,CEU_line
9.6,2.65721425726128,CEU_line
9.7,2.67968348503207,CEU_line
9.7,2.67968348503207,CEU_line
9.7,2.67968348503207,CEU_line
9.7,2.67968348503207,CEU_line
9.7,2.67968348503207,CEU_line
9.7,2.67968348503207,CEU_line
9.7,2.67968348503207,CEU_line
9.7,2.67968348503207,CEU_line
9.7,2.67968348503207,CEU_line
9.7,2.67968348503207,CEU_line
9.7,2.67968348503207,CEU_line
9.7,2.67968348503207,CEU_line
9.7,2.67968348503207,CEU_line
9.7,2.67968348503207,CEU_line
9.7,2.67968348503207,CEU_line
9.7,2.67968348503207,CEU_line
9.7,2.67968348503207,CEU_line
9.7,2.67968348503207,CEU_line
9.7,2.67968348503207,CEU_line
9.7,2.67968348503207,CEU_line
9.7,2.67968348503207,CEU_line
9.7,2.67968348503207,CEU_line
9.7,2.67968348503207,CEU_line
9.7,2.67968348503207,CEU_line
9.8,2.70418563292608,CEU_line
9.8,2.70418563292608,CEU_line
9.8,2.70418563292608,CEU_line
9.8,2.70418563292608,CEU_line
9.8,2.70418563292608,CEU_line
9.8,2.70418563292608,CEU_line
9.8,2.70418563292608,CEU_line
9.8,2.70418563292608,CEU_line
9.8,2.70418563292608,CEU_line
9.8,2.70418563292608,CEU_line
9.8,2.70418563292608,CEU_line
9.9,2.73004306090223,CEU_line
9.9,2.73004306090223,CEU_line
9.9,2.73004306090223,CEU_line
9.9,2.73004306090223,CEU_line
9.9,2.73004306090223,CEU_line
9.9,2.73004306090223,CEU_line
9.9,2.73004306090223,CEU_line
9.9,2.73004306090223,CEU_line
9.9,2.73004306090223,CEU_line
9.9,2.73004306090223,CEU_line
9.9,2.73004306090223,CEU_line
9.9,2.73004306090223,CEU_line
9.9,2.73004306090223,CEU_line
9.9,2.73004306090223,CEU_line
9.9,2.73004306090223,CEU_line
9.9,2.73004306090223,CEU_line
9.9,2.73004306090223,CEU_line
10,2.75657812891945,CEU_line
10,2.75657812891945,CEU_line
10,2.75657812891945,CEU_line
10,2.75657812891945,CEU_line
10,2.75657812891945,CEU_line
10,2.75657812891945,CEU_line
10,2.75657812891945,CEU_line
10,2.75657812891945,CEU_line
10,2.75657812891945,CEU_line
10,2.75657812891945,CEU_line
10,2.75657812891945,CEU_line
10,2.75657812891945,CEU_line
10,2.75657812891945,CEU_line
10,2.75657812891945,CEU_line
10,2.75657812891945,CEU_line
10,2.75657812891945,CEU_line
10,2.75657812891945,CEU_line
10,2.75657812891945,CEU_line
10,2.75657812891945,CEU_line
10,2.75657812891945,CEU_line
10,2.75657812891945,CEU_line
10,2.75657812891945,CEU_line
10,2.75657812891945,CEU_line
10,2.75657812891945,CEU_line
10,2.75657812891945,CEU_line
10,2.75657812891945,CEU_line
10,2.75657812891945,CEU_line
10,2.75657812891945,CEU_line
10,2.75657812891945,CEU_line
10,2.75657812891945,CEU_line
10,2.75657812891945,CEU_line
10,2.75657812891945,CEU_line
10,2.75657812891945,CEU_line
10,2.75657812891945,CEU_line
10,2.75657812891945,CEU_line
10,2.75657812891945,CEU_line
10,2.75657812891945,CEU_line
10,2.75657812891945,CEU_line
10,2.75657812891945,CEU_line
10,2.75657812891945,CEU_line
10,2.75657812891945,CEU_line
10,2.75657812891945,CEU_line
10,2.75657812891945,CEU_line
10,2.75657812891945,CEU_line
5.7,0.54070969554689,FIN_line
6.2,0.485286013786002,FIN_line
6.6,0.472055414778807,FIN_line
6.6,0.472055414778807,FIN_line
6.8,0.483956988133254,FIN_line
6.9,0.495833174125052,FIN_line
7.2,0.559607378844673,FIN_line
7.2,0.559607378844673,FIN_line
7.3,0.591481787523159,FIN_line
7.6,0.724138759274705,FIN_line
7.6,0.724138759274705,FIN_line
7.6,0.724138759274705,FIN_line
7.6,0.724138759274705,FIN_line
7.6,0.724138759274705,FIN_line
7.6,0.724138759274705,FIN_line
7.7,0.781936789954453,FIN_line
7.7,0.781936789954453,FIN_line
7.8,0.847141569777419,FIN_line
7.8,0.847141569777419,FIN_line
7.8,0.847141569777419,FIN_line
7.8,0.847141569777419,FIN_line
7.9,0.920123436200764,FIN_line
7.9,0.920123436200764,FIN_line
7.9,0.920123436200764,FIN_line
8,1.00125272668165,FIN_line
8,1.00125272668165,FIN_line
8.2,1.18943492964468,FIN_line
8.2,1.18943492964468,FIN_line
8.2,1.18943492964468,FIN_line
8.2,1.18943492964468,FIN_line
8.2,1.18943492964468,FIN_line
8.2,1.18943492964468,FIN_line
8.2,1.18943492964468,FIN_line
8.2,1.18943492964468,FIN_line
8.3,1.29722851704115,FIN_line
8.3,1.29722851704115,FIN_line
8.3,1.29722851704115,FIN_line
8.3,1.29722851704115,FIN_line
8.3,1.29722851704115,FIN_line
8.3,1.29722851704115,FIN_line
8.3,1.29722851704115,FIN_line
8.3,1.29722851704115,FIN_line
8.3,1.29722851704115,FIN_line
8.3,1.29722851704115,FIN_line
8.3,1.29722851704115,FIN_line
8.3,1.29722851704115,FIN_line
8.3,1.29722851704115,FIN_line
8.3,1.29722851704115,FIN_line
8.3,1.29722851704115,FIN_line
8.4,1.4146508783238,FIN_line
8.4,1.4146508783238,FIN_line
8.4,1.4146508783238,FIN_line
8.4,1.4146508783238,FIN_line
8.4,1.4146508783238,FIN_line
8.4,1.4146508783238,FIN_line
8.4,1.4146508783238,FIN_line
8.4,1.4146508783238,FIN_line
8.4,1.4146508783238,FIN_line
8.4,1.4146508783238,FIN_line
8.4,1.4146508783238,FIN_line
8.4,1.4146508783238,FIN_line
8.4,1.4146508783238,FIN_line
8.4,1.4146508783238,FIN_line
8.4,1.4146508783238,FIN_line
8.4,1.4146508783238,FIN_line
8.4,1.4146508783238,FIN_line
8.5,1.54207235094979,FIN_line
8.5,1.54207235094979,FIN_line
8.5,1.54207235094979,FIN_line
8.5,1.54207235094979,FIN_line
8.5,1.54207235094979,FIN_line
8.5,1.54207235094979,FIN_line
8.5,1.54207235094979,FIN_line
8.5,1.54207235094979,FIN_line
8.5,1.54207235094979,FIN_line
8.5,1.54207235094979,FIN_line
8.5,1.54207235094979,FIN_line
8.5,1.54207235094979,FIN_line
8.6,1.67986327237629,FIN_line
8.6,1.67986327237629,FIN_line
8.6,1.67986327237629,FIN_line
8.6,1.67986327237629,FIN_line
8.6,1.67986327237629,FIN_line
8.6,1.67986327237629,FIN_line
8.6,1.67986327237629,FIN_line
8.6,1.67986327237629,FIN_line
8.6,1.67986327237629,FIN_line
8.6,1.67986327237629,FIN_line
8.6,1.67986327237629,FIN_line
8.6,1.67986327237629,FIN_line
8.6,1.67986327237629,FIN_line
8.7,1.82839398006046,FIN_line
8.7,1.82839398006046,FIN_line
8.7,1.82839398006046,FIN_line
8.7,1.82839398006046,FIN_line
8.7,1.82839398006046,FIN_line
8.7,1.82839398006046,FIN_line
8.7,1.82839398006046,FIN_line
8.7,1.82839398006046,FIN_line
8.7,1.82839398006046,FIN_line
8.7,1.82839398006046,FIN_line
8.7,1.82839398006046,FIN_line
8.7,1.82839398006046,FIN_line
8.7,1.82839398006046,FIN_line
8.7,1.82839398006046,FIN_line
8.7,1.82839398006046,FIN_line
8.7,1.82839398006046,FIN_line
8.7,1.82839398006046,FIN_line
8.7,1.82839398006046,FIN_line
8.7,1.82839398006046,FIN_line
8.8,1.98803481145946,FIN_line
8.8,1.98803481145946,FIN_line
8.8,1.98803481145946,FIN_line
8.8,1.98803481145946,FIN_line
8.8,1.98803481145946,FIN_line
8.8,1.98803481145946,FIN_line
8.8,1.98803481145946,FIN_line
8.8,1.98803481145946,FIN_line
8.8,1.98803481145946,FIN_line
8.8,1.98803481145946,FIN_line
8.8,1.98803481145946,FIN_line
8.8,1.98803481145946,FIN_line
8.8,1.98803481145946,FIN_line
8.8,1.98803481145946,FIN_line
8.8,1.98803481145946,FIN_line
8.8,1.98803481145946,FIN_line
8.8,1.98803481145946,FIN_line
8.8,1.98803481145946,FIN_line
8.8,1.98803481145946,FIN_line
8.8,1.98803481145946,FIN_line
8.8,1.98803481145946,FIN_line
8.8,1.98803481145946,FIN_line
8.8,1.98803481145946,FIN_line
8.8,1.98803481145946,FIN_line
8.8,1.98803481145946,FIN_line
8.8,1.98803481145946,FIN_line
8.8,1.98803481145946,FIN_line
8.8,1.98803481145946,FIN_line
8.8,1.98803481145946,FIN_line
8.9,2.15681941925903,FIN_line
8.9,2.15681941925903,FIN_line
8.9,2.15681941925903,FIN_line
8.9,2.15681941925903,FIN_line
8.9,2.15681941925903,FIN_line
8.9,2.15681941925903,FIN_line
8.9,2.15681941925903,FIN_line
8.9,2.15681941925903,FIN_line
8.9,2.15681941925903,FIN_line
8.9,2.15681941925903,FIN_line
8.9,2.15681941925903,FIN_line
8.9,2.15681941925903,FIN_line
8.9,2.15681941925903,FIN_line
8.9,2.15681941925903,FIN_line
8.9,2.15681941925903,FIN_line
8.9,2.15681941925903,FIN_line
8.9,2.15681941925903,FIN_line
8.9,2.15681941925903,FIN_line
8.9,2.15681941925903,FIN_line
8.9,2.15681941925903,FIN_line
8.9,2.15681941925903,FIN_line
8.9,2.15681941925903,FIN_line
9,2.32343471705931,FIN_line
9,2.32343471705931,FIN_line
9,2.32343471705931,FIN_line
9,2.32343471705931,FIN_line
9,2.32343471705931,FIN_line
9,2.32343471705931,FIN_line
9,2.32343471705931,FIN_line
9,2.32343471705931,FIN_line
9,2.32343471705931,FIN_line
9,2.32343471705931,FIN_line
9,2.32343471705931,FIN_line
9,2.32343471705931,FIN_line
9,2.32343471705931,FIN_line
9,2.32343471705931,FIN_line
9,2.32343471705931,FIN_line
9,2.32343471705931,FIN_line
9,2.32343471705931,FIN_line
9,2.32343471705931,FIN_line
9,2.32343471705931,FIN_line
9,2.32343471705931,FIN_line
9,2.32343471705931,FIN_line
9,2.32343471705931,FIN_line
9,2.32343471705931,FIN_line
9,2.32343471705931,FIN_line
9,2.32343471705931,FIN_line
9,2.32343471705931,FIN_line
9.1,2.47423093368902,FIN_line
9.1,2.47423093368902,FIN_line
9.1,2.47423093368902,FIN_line
9.1,2.47423093368902,FIN_line
9.1,2.47423093368902,FIN_line
9.1,2.47423093368902,FIN_line
9.1,2.47423093368902,FIN_line
9.1,2.47423093368902,FIN_line
9.1,2.47423093368902,FIN_line
9.1,2.47423093368902,FIN_line
9.1,2.47423093368902,FIN_line
9.1,2.47423093368902,FIN_line
9.1,2.47423093368902,FIN_line
9.1,2.47423093368902,FIN_line
9.1,2.47423093368902,FIN_line
9.1,2.47423093368902,FIN_line
9.1,2.47423093368902,FIN_line
9.1,2.47423093368902,FIN_line
9.1,2.47423093368902,FIN_line
9.1,2.47423093368902,FIN_line
9.1,2.47423093368902,FIN_line
9.1,2.47423093368902,FIN_line
9.2,2.59555829797688,FIN_line
9.2,2.59555829797688,FIN_line
9.2,2.59555829797688,FIN_line
9.2,2.59555829797688,FIN_line
9.2,2.59555829797688,FIN_line
9.2,2.59555829797688,FIN_line
9.2,2.59555829797688,FIN_line
9.2,2.59555829797688,FIN_line
9.2,2.59555829797688,FIN_line
9.2,2.59555829797688,FIN_line
9.2,2.59555829797688,FIN_line
9.2,2.59555829797688,FIN_line
9.2,2.59555829797688,FIN_line
9.2,2.59555829797688,FIN_line
9.2,2.59555829797688,FIN_line
9.2,2.59555829797688,FIN_line
9.2,2.59555829797688,FIN_line
9.2,2.59555829797688,FIN_line
9.2,2.59555829797688,FIN_line
9.2,2.59555829797688,FIN_line
9.2,2.59555829797688,FIN_line
9.2,2.59555829797688,FIN_line
9.2,2.59555829797688,FIN_line
9.2,2.59555829797688,FIN_line
9.2,2.59555829797688,FIN_line
9.2,2.59555829797688,FIN_line
9.2,2.59555829797688,FIN_line
9.2,2.59555829797688,FIN_line
9.2,2.59555829797688,FIN_line
9.2,2.59555829797688,FIN_line
9.2,2.59555829797688,FIN_line
9.2,2.59555829797688,FIN_line
9.2,2.59555829797688,FIN_line
9.2,2.59555829797688,FIN_line
9.2,2.59555829797688,FIN_line
9.2,2.59555829797688,FIN_line
9.2,2.59555829797688,FIN_line
9.2,2.59555829797688,FIN_line
9.2,2.59555829797688,FIN_line
9.2,2.59555829797688,FIN_line
9.2,2.59555829797688,FIN_line
9.2,2.59555829797688,FIN_line
9.2,2.59555829797688,FIN_line
9.2,2.59555829797688,FIN_line
9.2,2.59555829797688,FIN_line
9.2,2.59555829797688,FIN_line
9.2,2.59555829797688,FIN_line
9.2,2.59555829797688,FIN_line
9.2,2.59555829797688,FIN_line
9.2,2.59555829797688,FIN_line
9.2,2.59555829797688,FIN_line
9.3,2.67795154993339,FIN_line
9.3,2.67795154993339,FIN_line
9.3,2.67795154993339,FIN_line
9.3,2.67795154993339,FIN_line
9.3,2.67795154993339,FIN_line
9.3,2.67795154993339,FIN_line
9.3,2.67795154993339,FIN_line
9.3,2.67795154993339,FIN_line
9.3,2.67795154993339,FIN_line
9.3,2.67795154993339,FIN_line
9.3,2.67795154993339,FIN_line
9.3,2.67795154993339,FIN_line
9.3,2.67795154993339,FIN_line
9.3,2.67795154993339,FIN_line
9.3,2.67795154993339,FIN_line
9.3,2.67795154993339,FIN_line
9.3,2.67795154993339,FIN_line
9.3,2.67795154993339,FIN_line
9.3,2.67795154993339,FIN_line
9.3,2.67795154993339,FIN_line
9.3,2.67795154993339,FIN_line
9.3,2.67795154993339,FIN_line
9.3,2.67795154993339,FIN_line
9.3,2.67795154993339,FIN_line
9.3,2.67795154993339,FIN_line
9.3,2.67795154993339,FIN_line
9.3,2.67795154993339,FIN_line
9.3,2.67795154993339,FIN_line
9.3,2.67795154993339,FIN_line
9.3,2.67795154993339,FIN_line
9.3,2.67795154993339,FIN_line
9.3,2.67795154993339,FIN_line
9.3,2.67795154993339,FIN_line
9.4,2.72868347429611,FIN_line
9.4,2.72868347429611,FIN_line
9.4,2.72868347429611,FIN_line
9.4,2.72868347429611,FIN_line
9.4,2.72868347429611,FIN_line
9.4,2.72868347429611,FIN_line
9.4,2.72868347429611,FIN_line
9.4,2.72868347429611,FIN_line
9.4,2.72868347429611,FIN_line
9.4,2.72868347429611,FIN_line
9.4,2.72868347429611,FIN_line
9.4,2.72868347429611,FIN_line
9.4,2.72868347429611,FIN_line
9.4,2.72868347429611,FIN_line
9.4,2.72868347429611,FIN_line
9.4,2.72868347429611,FIN_line
9.4,2.72868347429611,FIN_line
9.4,2.72868347429611,FIN_line
9.4,2.72868347429611,FIN_line
9.4,2.72868347429611,FIN_line
9.4,2.72868347429611,FIN_line
9.4,2.72868347429611,FIN_line
9.4,2.72868347429611,FIN_line
9.4,2.72868347429611,FIN_line
9.4,2.72868347429611,FIN_line
9.5,2.75921136698442,FIN_line
9.5,2.75921136698442,FIN_line
9.5,2.75921136698442,FIN_line
9.5,2.75921136698442,FIN_line
9.5,2.75921136698442,FIN_line
9.5,2.75921136698442,FIN_line
9.5,2.75921136698442,FIN_line
9.5,2.75921136698442,FIN_line
9.5,2.75921136698442,FIN_line
9.5,2.75921136698442,FIN_line
9.5,2.75921136698442,FIN_line
9.5,2.75921136698442,FIN_line
9.5,2.75921136698442,FIN_line
9.5,2.75921136698442,FIN_line
9.5,2.75921136698442,FIN_line
9.5,2.75921136698442,FIN_line
9.5,2.75921136698442,FIN_line
9.5,2.75921136698442,FIN_line
9.5,2.75921136698442,FIN_line
9.5,2.75921136698442,FIN_line
9.5,2.75921136698442,FIN_line
9.5,2.75921136698442,FIN_line
9.6,2.78099252391766,FIN_line
9.6,2.78099252391766,FIN_line
9.6,2.78099252391766,FIN_line
9.6,2.78099252391766,FIN_line
9.6,2.78099252391766,FIN_line
9.6,2.78099252391766,FIN_line
9.6,2.78099252391766,FIN_line
9.6,2.78099252391766,FIN_line
9.6,2.78099252391766,FIN_line
9.6,2.78099252391766,FIN_line
9.6,2.78099252391766,FIN_line
9.6,2.78099252391766,FIN_line
9.6,2.78099252391766,FIN_line
9.6,2.78099252391766,FIN_line
9.6,2.78099252391766,FIN_line
9.6,2.78099252391766,FIN_line
9.6,2.78099252391766,FIN_line
9.6,2.78099252391766,FIN_line
9.6,2.78099252391766,FIN_line
9.6,2.78099252391766,FIN_line
9.6,2.78099252391766,FIN_line
9.6,2.78099252391766,FIN_line
9.6,2.78099252391766,FIN_line
9.6,2.78099252391766,FIN_line
9.6,2.78099252391766,FIN_line
9.6,2.78099252391766,FIN_line
9.6,2.78099252391766,FIN_line
9.6,2.78099252391766,FIN_line
9.7,2.80346175168845,FIN_line
9.7,2.80346175168845,FIN_line
9.7,2.80346175168845,FIN_line
9.7,2.80346175168845,FIN_line
9.7,2.80346175168845,FIN_line
9.7,2.80346175168845,FIN_line
9.7,2.80346175168845,FIN_line
9.7,2.80346175168845,FIN_line
9.7,2.80346175168845,FIN_line
9.7,2.80346175168845,FIN_line
9.7,2.80346175168845,FIN_line
9.7,2.80346175168845,FIN_line
9.7,2.80346175168845,FIN_line
9.7,2.80346175168845,FIN_line
9.7,2.80346175168845,FIN_line
9.7,2.80346175168845,FIN_line
9.7,2.80346175168845,FIN_line
9.7,2.80346175168845,FIN_line
9.7,2.80346175168845,FIN_line
9.7,2.80346175168845,FIN_line
9.7,2.80346175168845,FIN_line
9.7,2.80346175168845,FIN_line
9.7,2.80346175168845,FIN_line
9.7,2.80346175168845,FIN_line
9.8,2.82796389958246,FIN_line
9.8,2.82796389958246,FIN_line
9.8,2.82796389958246,FIN_line
9.8,2.82796389958246,FIN_line
9.8,2.82796389958246,FIN_line
9.8,2.82796389958246,FIN_line
9.8,2.82796389958246,FIN_line
9.8,2.82796389958246,FIN_line
9.8,2.82796389958246,FIN_line
9.8,2.82796389958246,FIN_line
9.8,2.82796389958246,FIN_line
9.9,2.85382132755861,FIN_line
9.9,2.85382132755861,FIN_line
9.9,2.85382132755861,FIN_line
9.9,2.85382132755861,FIN_line
9.9,2.85382132755861,FIN_line
9.9,2.85382132755861,FIN_line
9.9,2.85382132755861,FIN_line
9.9,2.85382132755861,FIN_line
9.9,2.85382132755861,FIN_line
9.9,2.85382132755861,FIN_line
9.9,2.85382132755861,FIN_line
9.9,2.85382132755861,FIN_line
9.9,2.85382132755861,FIN_line
9.9,2.85382132755861,FIN_line
9.9,2.85382132755861,FIN_line
9.9,2.85382132755861,FIN_line
9.9,2.85382132755861,FIN_line
10,2.88035639557583,FIN_line
10,2.88035639557583,FIN_line
10,2.88035639557583,FIN_line
10,2.88035639557583,FIN_line
10,2.88035639557583,FIN_line
10,2.88035639557583,FIN_line
10,2.88035639557583,FIN_line
10,2.88035639557583,FIN_line
10,2.88035639557583,FIN_line
10,2.88035639557583,FIN_line
10,2.88035639557583,FIN_line
10,2.88035639557583,FIN_line
10,2.88035639557583,FIN_line
10,2.88035639557583,FIN_line
10,2.88035639557583,FIN_line
10,2.88035639557583,FIN_line
10,2.88035639557583,FIN_line
10,2.88035639557583,FIN_line
10,2.88035639557583,FIN_line
10,2.88035639557583,FIN_line
10,2.88035639557583,FIN_line
10,2.88035639557583,FIN_line
10,2.88035639557583,FIN_line
10,2.88035639557583,FIN_line
10,2.88035639557583,FIN_line
10,2.88035639557583,FIN_line
10,2.88035639557583,FIN_line
10,2.88035639557583,FIN_line
10,2.88035639557583,FIN_line
10,2.88035639557583,FIN_line
10,2.88035639557583,FIN_line
10,2.88035639557583,FIN_line
10,2.88035639557583,FIN_line
10,2.88035639557583,FIN_line
10,2.88035639557583,FIN_line
10,2.88035639557583,FIN_line
10,2.88035639557583,FIN_line
10,2.88035639557583,FIN_line
10,2.88035639557583,FIN_line
10,2.88035639557583,FIN_line
10,2.88035639557583,FIN_line
10,2.88035639557583,FIN_line
10,2.88035639557583,FIN_line
10,2.88035639557583,FIN_line
5.7,0.476318988085533,GBR_line
6.2,0.420895306324646,GBR_line
6.6,0.407664707317451,GBR_line
6.6,0.407664707317451,GBR_line
6.8,0.419566280671898,GBR_line
6.9,0.431442466663695,GBR_line
7.2,0.495216671383316,GBR_line
7.2,0.495216671383316,GBR_line
7.3,0.527091080061802,GBR_line
7.6,0.659748051813348,GBR_line
7.6,0.659748051813348,GBR_line
7.6,0.659748051813348,GBR_line
7.6,0.659748051813348,GBR_line
7.6,0.659748051813348,GBR_line
7.6,0.659748051813348,GBR_line
7.7,0.717546082493097,GBR_line
7.7,0.717546082493097,GBR_line
7.8,0.782750862316063,GBR_line
7.8,0.782750862316063,GBR_line
7.8,0.782750862316063,GBR_line
7.8,0.782750862316063,GBR_line
7.9,0.855732728739407,GBR_line
7.9,0.855732728739407,GBR_line
7.9,0.855732728739407,GBR_line
8,0.936862019220291,GBR_line
8,0.936862019220291,GBR_line
8.2,1.12504422218332,GBR_line
8.2,1.12504422218332,GBR_line
8.2,1.12504422218332,GBR_line
8.2,1.12504422218332,GBR_line
8.2,1.12504422218332,GBR_line
8.2,1.12504422218332,GBR_line
8.2,1.12504422218332,GBR_line
8.2,1.12504422218332,GBR_line
8.3,1.23283780957979,GBR_line
8.3,1.23283780957979,GBR_line
8.3,1.23283780957979,GBR_line
8.3,1.23283780957979,GBR_line
8.3,1.23283780957979,GBR_line
8.3,1.23283780957979,GBR_line
8.3,1.23283780957979,GBR_line
8.3,1.23283780957979,GBR_line
8.3,1.23283780957979,GBR_line
8.3,1.23283780957979,GBR_line
8.3,1.23283780957979,GBR_line
8.3,1.23283780957979,GBR_line
8.3,1.23283780957979,GBR_line
8.3,1.23283780957979,GBR_line
8.3,1.23283780957979,GBR_line
8.4,1.35026017086244,GBR_line
8.4,1.35026017086244,GBR_line
8.4,1.35026017086244,GBR_line
8.4,1.35026017086244,GBR_line
8.4,1.35026017086244,GBR_line
8.4,1.35026017086244,GBR_line
8.4,1.35026017086244,GBR_line
8.4,1.35026017086244,GBR_line
8.4,1.35026017086244,GBR_line
8.4,1.35026017086244,GBR_line
8.4,1.35026017086244,GBR_line
8.4,1.35026017086244,GBR_line
8.4,1.35026017086244,GBR_line
8.4,1.35026017086244,GBR_line
8.4,1.35026017086244,GBR_line
8.4,1.35026017086244,GBR_line
8.4,1.35026017086244,GBR_line
8.5,1.47768164348844,GBR_line
8.5,1.47768164348844,GBR_line
8.5,1.47768164348844,GBR_line
8.5,1.47768164348844,GBR_line
8.5,1.47768164348844,GBR_line
8.5,1.47768164348844,GBR_line
8.5,1.47768164348844,GBR_line
8.5,1.47768164348844,GBR_line
8.5,1.47768164348844,GBR_line
8.5,1.47768164348844,GBR_line
8.5,1.47768164348844,GBR_line
8.5,1.47768164348844,GBR_line
8.6,1.61547256491494,GBR_line
8.6,1.61547256491494,GBR_line
8.6,1.61547256491494,GBR_line
8.6,1.61547256491494,GBR_line
8.6,1.61547256491494,GBR_line
8.6,1.61547256491494,GBR_line
8.6,1.61547256491494,GBR_line
8.6,1.61547256491494,GBR_line
8.6,1.61547256491494,GBR_line
8.6,1.61547256491494,GBR_line
8.6,1.61547256491494,GBR_line
8.6,1.61547256491494,GBR_line
8.6,1.61547256491494,GBR_line
8.7,1.7640032725991,GBR_line
8.7,1.7640032725991,GBR_line
8.7,1.7640032725991,GBR_line
8.7,1.7640032725991,GBR_line
8.7,1.7640032725991,GBR_line
8.7,1.7640032725991,GBR_line
8.7,1.7640032725991,GBR_line
8.7,1.7640032725991,GBR_line
8.7,1.7640032725991,GBR_line
8.7,1.7640032725991,GBR_line
8.7,1.7640032725991,GBR_line
8.7,1.7640032725991,GBR_line
8.7,1.7640032725991,GBR_line
8.7,1.7640032725991,GBR_line
8.7,1.7640032725991,GBR_line
8.7,1.7640032725991,GBR_line
8.7,1.7640032725991,GBR_line
8.7,1.7640032725991,GBR_line
8.7,1.7640032725991,GBR_line
8.8,1.9236441039981,GBR_line
8.8,1.9236441039981,GBR_line
8.8,1.9236441039981,GBR_line
8.8,1.9236441039981,GBR_line
8.8,1.9236441039981,GBR_line
8.8,1.9236441039981,GBR_line
8.8,1.9236441039981,GBR_line
8.8,1.9236441039981,GBR_line
8.8,1.9236441039981,GBR_line
8.8,1.9236441039981,GBR_line
8.8,1.9236441039981,GBR_line
8.8,1.9236441039981,GBR_line
8.8,1.9236441039981,GBR_line
8.8,1.9236441039981,GBR_line
8.8,1.9236441039981,GBR_line
8.8,1.9236441039981,GBR_line
8.8,1.9236441039981,GBR_line
8.8,1.9236441039981,GBR_line
8.8,1.9236441039981,GBR_line
8.8,1.9236441039981,GBR_line
8.8,1.9236441039981,GBR_line
8.8,1.9236441039981,GBR_line
8.8,1.9236441039981,GBR_line
8.8,1.9236441039981,GBR_line
8.8,1.9236441039981,GBR_line
8.8,1.9236441039981,GBR_line
8.8,1.9236441039981,GBR_line
8.8,1.9236441039981,GBR_line
8.8,1.9236441039981,GBR_line
8.9,2.09242871179767,GBR_line
8.9,2.09242871179767,GBR_line
8.9,2.09242871179767,GBR_line
8.9,2.09242871179767,GBR_line
8.9,2.09242871179767,GBR_line
8.9,2.09242871179767,GBR_line
8.9,2.09242871179767,GBR_line
8.9,2.09242871179767,GBR_line
8.9,2.09242871179767,GBR_line
8.9,2.09242871179767,GBR_line
8.9,2.09242871179767,GBR_line
8.9,2.09242871179767,GBR_line
8.9,2.09242871179767,GBR_line
8.9,2.09242871179767,GBR_line
8.9,2.09242871179767,GBR_line
8.9,2.09242871179767,GBR_line
8.9,2.09242871179767,GBR_line
8.9,2.09242871179767,GBR_line
8.9,2.09242871179767,GBR_line
8.9,2.09242871179767,GBR_line
8.9,2.09242871179767,GBR_line
8.9,2.09242871179767,GBR_line
9,2.25904400959795,GBR_line
9,2.25904400959795,GBR_line
9,2.25904400959795,GBR_line
9,2.25904400959795,GBR_line
9,2.25904400959795,GBR_line
9,2.25904400959795,GBR_line
9,2.25904400959795,GBR_line
9,2.25904400959795,GBR_line
9,2.25904400959795,GBR_line
9,2.25904400959795,GBR_line
9,2.25904400959795,GBR_line
9,2.25904400959795,GBR_line
9,2.25904400959795,GBR_line
9,2.25904400959795,GBR_line
9,2.25904400959795,GBR_line
9,2.25904400959795,GBR_line
9,2.25904400959795,GBR_line
9,2.25904400959795,GBR_line
9,2.25904400959795,GBR_line
9,2.25904400959795,GBR_line
9,2.25904400959795,GBR_line
9,2.25904400959795,GBR_line
9,2.25904400959795,GBR_line
9,2.25904400959795,GBR_line
9,2.25904400959795,GBR_line
9,2.25904400959795,GBR_line
9.1,2.40984022622767,GBR_line
9.1,2.40984022622767,GBR_line
9.1,2.40984022622767,GBR_line
9.1,2.40984022622767,GBR_line
9.1,2.40984022622767,GBR_line
9.1,2.40984022622767,GBR_line
9.1,2.40984022622767,GBR_line
9.1,2.40984022622767,GBR_line
9.1,2.40984022622767,GBR_line
9.1,2.40984022622767,GBR_line
9.1,2.40984022622767,GBR_line
9.1,2.40984022622767,GBR_line
9.1,2.40984022622767,GBR_line
9.1,2.40984022622767,GBR_line
9.1,2.40984022622767,GBR_line
9.1,2.40984022622767,GBR_line
9.1,2.40984022622767,GBR_line
9.1,2.40984022622767,GBR_line
9.1,2.40984022622767,GBR_line
9.1,2.40984022622767,GBR_line
9.1,2.40984022622767,GBR_line
9.1,2.40984022622767,GBR_line
9.2,2.53116759051553,GBR_line
9.2,2.53116759051553,GBR_line
9.2,2.53116759051553,GBR_line
9.2,2.53116759051553,GBR_line
9.2,2.53116759051553,GBR_line
9.2,2.53116759051553,GBR_line
9.2,2.53116759051553,GBR_line
9.2,2.53116759051553,GBR_line
9.2,2.53116759051553,GBR_line
9.2,2.53116759051553,GBR_line
9.2,2.53116759051553,GBR_line
9.2,2.53116759051553,GBR_line
9.2,2.53116759051553,GBR_line
9.2,2.53116759051553,GBR_line
9.2,2.53116759051553,GBR_line
9.2,2.53116759051553,GBR_line
9.2,2.53116759051553,GBR_line
9.2,2.53116759051553,GBR_line
9.2,2.53116759051553,GBR_line
9.2,2.53116759051553,GBR_line
9.2,2.53116759051553,GBR_line
9.2,2.53116759051553,GBR_line
9.2,2.53116759051553,GBR_line
9.2,2.53116759051553,GBR_line
9.2,2.53116759051553,GBR_line
9.2,2.53116759051553,GBR_line
9.2,2.53116759051553,GBR_line
9.2,2.53116759051553,GBR_line
9.2,2.53116759051553,GBR_line
9.2,2.53116759051553,GBR_line
9.2,2.53116759051553,GBR_line
9.2,2.53116759051553,GBR_line
9.2,2.53116759051553,GBR_line
9.2,2.53116759051553,GBR_line
9.2,2.53116759051553,GBR_line
9.2,2.53116759051553,GBR_line
9.2,2.53116759051553,GBR_line
9.2,2.53116759051553,GBR_line
9.2,2.53116759051553,GBR_line
9.2,2.53116759051553,GBR_line
9.2,2.53116759051553,GBR_line
9.2,2.53116759051553,GBR_line
9.2,2.53116759051553,GBR_line
9.2,2.53116759051553,GBR_line
9.2,2.53116759051553,GBR_line
9.2,2.53116759051553,GBR_line
9.2,2.53116759051553,GBR_line
9.2,2.53116759051553,GBR_line
9.2,2.53116759051553,GBR_line
9.2,2.53116759051553,GBR_line
9.2,2.53116759051553,GBR_line
9.3,2.61356084247203,GBR_line
9.3,2.61356084247203,GBR_line
9.3,2.61356084247203,GBR_line
9.3,2.61356084247203,GBR_line
9.3,2.61356084247203,GBR_line
9.3,2.61356084247203,GBR_line
9.3,2.61356084247203,GBR_line
9.3,2.61356084247203,GBR_line
9.3,2.61356084247203,GBR_line
9.3,2.61356084247203,GBR_line
9.3,2.61356084247203,GBR_line
9.3,2.61356084247203,GBR_line
9.3,2.61356084247203,GBR_line
9.3,2.61356084247203,GBR_line
9.3,2.61356084247203,GBR_line
9.3,2.61356084247203,GBR_line
9.3,2.61356084247203,GBR_line
9.3,2.61356084247203,GBR_line
9.3,2.61356084247203,GBR_line
9.3,2.61356084247203,GBR_line
9.3,2.61356084247203,GBR_line
9.3,2.61356084247203,GBR_line
9.3,2.61356084247203,GBR_line
9.3,2.61356084247203,GBR_line
9.3,2.61356084247203,GBR_line
9.3,2.61356084247203,GBR_line
9.3,2.61356084247203,GBR_line
9.3,2.61356084247203,GBR_line
9.3,2.61356084247203,GBR_line
9.3,2.61356084247203,GBR_line
9.3,2.61356084247203,GBR_line
9.3,2.61356084247203,GBR_line
9.3,2.61356084247203,GBR_line
9.4,2.66429276683476,GBR_line
9.4,2.66429276683476,GBR_line
9.4,2.66429276683476,GBR_line
9.4,2.66429276683476,GBR_line
9.4,2.66429276683476,GBR_line
9.4,2.66429276683476,GBR_line
9.4,2.66429276683476,GBR_line
9.4,2.66429276683476,GBR_line
9.4,2.66429276683476,GBR_line
9.4,2.66429276683476,GBR_line
9.4,2.66429276683476,GBR_line
9.4,2.66429276683476,GBR_line
9.4,2.66429276683476,GBR_line
9.4,2.66429276683476,GBR_line
9.4,2.66429276683476,GBR_line
9.4,2.66429276683476,GBR_line
9.4,2.66429276683476,GBR_line
9.4,2.66429276683476,GBR_line
9.4,2.66429276683476,GBR_line
9.4,2.66429276683476,GBR_line
9.4,2.66429276683476,GBR_line
9.4,2.66429276683476,GBR_line
9.4,2.66429276683476,GBR_line
9.4,2.66429276683476,GBR_line
9.4,2.66429276683476,GBR_line
9.5,2.69482065952307,GBR_line
9.5,2.69482065952307,GBR_line
9.5,2.69482065952307,GBR_line
9.5,2.69482065952307,GBR_line
9.5,2.69482065952307,GBR_line
9.5,2.69482065952307,GBR_line
9.5,2.69482065952307,GBR_line
9.5,2.69482065952307,GBR_line
9.5,2.69482065952307,GBR_line
9.5,2.69482065952307,GBR_line
9.5,2.69482065952307,GBR_line
9.5,2.69482065952307,GBR_line
9.5,2.69482065952307,GBR_line
9.5,2.69482065952307,GBR_line
9.5,2.69482065952307,GBR_line
9.5,2.69482065952307,GBR_line
9.5,2.69482065952307,GBR_line
9.5,2.69482065952307,GBR_line
9.5,2.69482065952307,GBR_line
9.5,2.69482065952307,GBR_line
9.5,2.69482065952307,GBR_line
9.5,2.69482065952307,GBR_line
9.6,2.71660181645631,GBR_line
9.6,2.71660181645631,GBR_line
9.6,2.71660181645631,GBR_line
9.6,2.71660181645631,GBR_line
9.6,2.71660181645631,GBR_line
9.6,2.71660181645631,GBR_line
9.6,2.71660181645631,GBR_line
9.6,2.71660181645631,GBR_line
9.6,2.71660181645631,GBR_line
9.6,2.71660181645631,GBR_line
9.6,2.71660181645631,GBR_line
9.6,2.71660181645631,GBR_line
9.6,2.71660181645631,GBR_line
9.6,2.71660181645631,GBR_line
9.6,2.71660181645631,GBR_line
9.6,2.71660181645631,GBR_line
9.6,2.71660181645631,GBR_line
9.6,2.71660181645631,GBR_line
9.6,2.71660181645631,GBR_line
9.6,2.71660181645631,GBR_line
9.6,2.71660181645631,GBR_line
9.6,2.71660181645631,GBR_line
9.6,2.71660181645631,GBR_line
9.6,2.71660181645631,GBR_line
9.6,2.71660181645631,GBR_line
9.6,2.71660181645631,GBR_line
9.6,2.71660181645631,GBR_line
9.6,2.71660181645631,GBR_line
9.7,2.7390710442271,GBR_line
9.7,2.7390710442271,GBR_line
9.7,2.7390710442271,GBR_line
9.7,2.7390710442271,GBR_line
9.7,2.7390710442271,GBR_line
9.7,2.7390710442271,GBR_line
9.7,2.7390710442271,GBR_line
9.7,2.7390710442271,GBR_line
9.7,2.7390710442271,GBR_line
9.7,2.7390710442271,GBR_line
9.7,2.7390710442271,GBR_line
9.7,2.7390710442271,GBR_line
9.7,2.7390710442271,GBR_line
9.7,2.7390710442271,GBR_line
9.7,2.7390710442271,GBR_line
9.7,2.7390710442271,GBR_line
9.7,2.7390710442271,GBR_line
9.7,2.7390710442271,GBR_line
9.7,2.7390710442271,GBR_line
9.7,2.7390710442271,GBR_line
9.7,2.7390710442271,GBR_line
9.7,2.7390710442271,GBR_line
9.7,2.7390710442271,GBR_line
9.7,2.7390710442271,GBR_line
9.8,2.7635731921211,GBR_line
9.8,2.7635731921211,GBR_line
9.8,2.7635731921211,GBR_line
9.8,2.7635731921211,GBR_line
9.8,2.7635731921211,GBR_line
9.8,2.7635731921211,GBR_line
9.8,2.7635731921211,GBR_line
9.8,2.7635731921211,GBR_line
9.8,2.7635731921211,GBR_line
9.8,2.7635731921211,GBR_line
9.8,2.7635731921211,GBR_line
9.9,2.78943062009726,GBR_line
9.9,2.78943062009726,GBR_line
9.9,2.78943062009726,GBR_line
9.9,2.78943062009726,GBR_line
9.9,2.78943062009726,GBR_line
9.9,2.78943062009726,GBR_line
9.9,2.78943062009726,GBR_line
9.9,2.78943062009726,GBR_line
9.9,2.78943062009726,GBR_line
9.9,2.78943062009726,GBR_line
9.9,2.78943062009726,GBR_line
9.9,2.78943062009726,GBR_line
9.9,2.78943062009726,GBR_line
9.9,2.78943062009726,GBR_line
9.9,2.78943062009726,GBR_line
9.9,2.78943062009726,GBR_line
9.9,2.78943062009726,GBR_line
10,2.81596568811448,GBR_line
10,2.81596568811448,GBR_line
10,2.81596568811448,GBR_line
10,2.81596568811448,GBR_line
10,2.81596568811448,GBR_line
10,2.81596568811448,GBR_line
10,2.81596568811448,GBR_line
10,2.81596568811448,GBR_line
10,2.81596568811448,GBR_line
10,2.81596568811448,GBR_line
10,2.81596568811448,GBR_line
10,2.81596568811448,GBR_line
10,2.81596568811448,GBR_line
10,2.81596568811448,GBR_line
10,2.81596568811448,GBR_line
10,2.81596568811448,GBR_line
10,2.81596568811448,GBR_line
10,2.81596568811448,GBR_line
10,2.81596568811448,GBR_line
10,2.81596568811448,GBR_line
10,2.81596568811448,GBR_line
10,2.81596568811448,GBR_line
10,2.81596568811448,GBR_line
10,2.81596568811448,GBR_line
10,2.81596568811448,GBR_line
10,2.81596568811448,GBR_line
10,2.81596568811448,GBR_line
10,2.81596568811448,GBR_line
10,2.81596568811448,GBR_line
10,2.81596568811448,GBR_line
10,2.81596568811448,GBR_line
10,2.81596568811448,GBR_line
10,2.81596568811448,GBR_line
10,2.81596568811448,GBR_line
10,2.81596568811448,GBR_line
10,2.81596568811448,GBR_line
10,2.81596568811448,GBR_line
10,2.81596568811448,GBR_line
10,2.81596568811448,GBR_line
10,2.81596568811448,GBR_line
10,2.81596568811448,GBR_line
10,2.81596568811448,GBR_line
10,2.81596568811448,GBR_line
10,2.81596568811448,GBR_line
5.7,0.466657390635317,TSI_line
6.2,0.41123370887443,TSI_line
6.6,0.398003109867235,TSI_line
6.6,0.398003109867235,TSI_line
6.8,0.409904683221681,TSI_line
6.9,0.421780869213479,TSI_line
7.2,0.4855550739331,TSI_line
7.2,0.4855550739331,TSI_line
7.3,0.517429482611586,TSI_line
7.6,0.650086454363132,TSI_line
7.6,0.650086454363132,TSI_line
7.6,0.650086454363132,TSI_line
7.6,0.650086454363132,TSI_line
7.6,0.650086454363132,TSI_line
7.6,0.650086454363132,TSI_line
7.7,0.70788448504288,TSI_line
7.7,0.70788448504288,TSI_line
7.8,0.773089264865846,TSI_line
7.8,0.773089264865846,TSI_line
7.8,0.773089264865846,TSI_line
7.8,0.773089264865846,TSI_line
7.9,0.846071131289191,TSI_line
7.9,0.846071131289191,TSI_line
7.9,0.846071131289191,TSI_line
8,0.927200421770075,TSI_line
8,0.927200421770075,TSI_line
8.2,1.1153826247331,TSI_line
8.2,1.1153826247331,TSI_line
8.2,1.1153826247331,TSI_line
8.2,1.1153826247331,TSI_line
8.2,1.1153826247331,TSI_line
8.2,1.1153826247331,TSI_line
8.2,1.1153826247331,TSI_line
8.2,1.1153826247331,TSI_line
8.3,1.22317621212958,TSI_line
8.3,1.22317621212958,TSI_line
8.3,1.22317621212958,TSI_line
8.3,1.22317621212958,TSI_line
8.3,1.22317621212958,TSI_line
8.3,1.22317621212958,TSI_line
8.3,1.22317621212958,TSI_line
8.3,1.22317621212958,TSI_line
8.3,1.22317621212958,TSI_line
8.3,1.22317621212958,TSI_line
8.3,1.22317621212958,TSI_line
8.3,1.22317621212958,TSI_line
8.3,1.22317621212958,TSI_line
8.3,1.22317621212958,TSI_line
8.3,1.22317621212958,TSI_line
8.4,1.34059857341223,TSI_line
8.4,1.34059857341223,TSI_line
8.4,1.34059857341223,TSI_line
8.4,1.34059857341223,TSI_line
8.4,1.34059857341223,TSI_line
8.4,1.34059857341223,TSI_line
8.4,1.34059857341223,TSI_line
8.4,1.34059857341223,TSI_line
8.4,1.34059857341223,TSI_line
8.4,1.34059857341223,TSI_line
8.4,1.34059857341223,TSI_line
8.4,1.34059857341223,TSI_line
8.4,1.34059857341223,TSI_line
8.4,1.34059857341223,TSI_line
8.4,1.34059857341223,TSI_line
8.4,1.34059857341223,TSI_line
8.4,1.34059857341223,TSI_line
8.5,1.46802004603822,TSI_line
8.5,1.46802004603822,TSI_line
8.5,1.46802004603822,TSI_line
8.5,1.46802004603822,TSI_line
8.5,1.46802004603822,TSI_line
8.5,1.46802004603822,TSI_line
8.5,1.46802004603822,TSI_line
8.5,1.46802004603822,TSI_line
8.5,1.46802004603822,TSI_line
8.5,1.46802004603822,TSI_line
8.5,1.46802004603822,TSI_line
8.5,1.46802004603822,TSI_line
8.6,1.60581096746472,TSI_line
8.6,1.60581096746472,TSI_line
8.6,1.60581096746472,TSI_line
8.6,1.60581096746472,TSI_line
8.6,1.60581096746472,TSI_line
8.6,1.60581096746472,TSI_line
8.6,1.60581096746472,TSI_line
8.6,1.60581096746472,TSI_line
8.6,1.60581096746472,TSI_line
8.6,1.60581096746472,TSI_line
8.6,1.60581096746472,TSI_line
8.6,1.60581096746472,TSI_line
8.6,1.60581096746472,TSI_line
8.7,1.75434167514889,TSI_line
8.7,1.75434167514889,TSI_line
8.7,1.75434167514889,TSI_line
8.7,1.75434167514889,TSI_line
8.7,1.75434167514889,TSI_line
8.7,1.75434167514889,TSI_line
8.7,1.75434167514889,TSI_line
8.7,1.75434167514889,TSI_line
8.7,1.75434167514889,TSI_line
8.7,1.75434167514889,TSI_line
8.7,1.75434167514889,TSI_line
8.7,1.75434167514889,TSI_line
8.7,1.75434167514889,TSI_line
8.7,1.75434167514889,TSI_line
8.7,1.75434167514889,TSI_line
8.7,1.75434167514889,TSI_line
8.7,1.75434167514889,TSI_line
8.7,1.75434167514889,TSI_line
8.7,1.75434167514889,TSI_line
8.8,1.91398250654788,TSI_line
8.8,1.91398250654788,TSI_line
8.8,1.91398250654788,TSI_line
8.8,1.91398250654788,TSI_line
8.8,1.91398250654788,TSI_line
8.8,1.91398250654788,TSI_line
8.8,1.91398250654788,TSI_line
8.8,1.91398250654788,TSI_line
8.8,1.91398250654788,TSI_line
8.8,1.91398250654788,TSI_line
8.8,1.91398250654788,TSI_line
8.8,1.91398250654788,TSI_line
8.8,1.91398250654788,TSI_line
8.8,1.91398250654788,TSI_line
8.8,1.91398250654788,TSI_line
8.8,1.91398250654788,TSI_line
8.8,1.91398250654788,TSI_line
8.8,1.91398250654788,TSI_line
8.8,1.91398250654788,TSI_line
8.8,1.91398250654788,TSI_line
8.8,1.91398250654788,TSI_line
8.8,1.91398250654788,TSI_line
8.8,1.91398250654788,TSI_line
8.8,1.91398250654788,TSI_line
8.8,1.91398250654788,TSI_line
8.8,1.91398250654788,TSI_line
8.8,1.91398250654788,TSI_line
8.8,1.91398250654788,TSI_line
8.8,1.91398250654788,TSI_line
8.9,2.08276711434746,TSI_line
8.9,2.08276711434746,TSI_line
8.9,2.08276711434746,TSI_line
8.9,2.08276711434746,TSI_line
8.9,2.08276711434746,TSI_line
8.9,2.08276711434746,TSI_line
8.9,2.08276711434746,TSI_line
8.9,2.08276711434746,TSI_line
8.9,2.08276711434746,TSI_line
8.9,2.08276711434746,TSI_line
8.9,2.08276711434746,TSI_line
8.9,2.08276711434746,TSI_line
8.9,2.08276711434746,TSI_line
8.9,2.08276711434746,TSI_line
8.9,2.08276711434746,TSI_line
8.9,2.08276711434746,TSI_line
8.9,2.08276711434746,TSI_line
8.9,2.08276711434746,TSI_line
8.9,2.08276711434746,TSI_line
8.9,2.08276711434746,TSI_line
8.9,2.08276711434746,TSI_line
8.9,2.08276711434746,TSI_line
9,2.24938241214774,TSI_line
9,2.24938241214774,TSI_line
9,2.24938241214774,TSI_line
9,2.24938241214774,TSI_line
9,2.24938241214774,TSI_line
9,2.24938241214774,TSI_line
9,2.24938241214774,TSI_line
9,2.24938241214774,TSI_line
9,2.24938241214774,TSI_line
9,2.24938241214774,TSI_line
9,2.24938241214774,TSI_line
9,2.24938241214774,TSI_line
9,2.24938241214774,TSI_line
9,2.24938241214774,TSI_line
9,2.24938241214774,TSI_line
9,2.24938241214774,TSI_line
9,2.24938241214774,TSI_line
9,2.24938241214774,TSI_line
9,2.24938241214774,TSI_line
9,2.24938241214774,TSI_line
9,2.24938241214774,TSI_line
9,2.24938241214774,TSI_line
9,2.24938241214774,TSI_line
9,2.24938241214774,TSI_line
9,2.24938241214774,TSI_line
9,2.24938241214774,TSI_line
9.1,2.40017862877745,TSI_line
9.1,2.40017862877745,TSI_line
9.1,2.40017862877745,TSI_line
9.1,2.40017862877745,TSI_line
9.1,2.40017862877745,TSI_line
9.1,2.40017862877745,TSI_line
9.1,2.40017862877745,TSI_line
9.1,2.40017862877745,TSI_line
9.1,2.40017862877745,TSI_line
9.1,2.40017862877745,TSI_line
9.1,2.40017862877745,TSI_line
9.1,2.40017862877745,TSI_line
9.1,2.40017862877745,TSI_line
9.1,2.40017862877745,TSI_line
9.1,2.40017862877745,TSI_line
9.1,2.40017862877745,TSI_line
9.1,2.40017862877745,TSI_line
9.1,2.40017862877745,TSI_line
9.1,2.40017862877745,TSI_line
9.1,2.40017862877745,TSI_line
9.1,2.40017862877745,TSI_line
9.1,2.40017862877745,TSI_line
9.2,2.52150599306531,TSI_line
9.2,2.52150599306531,TSI_line
9.2,2.52150599306531,TSI_line
9.2,2.52150599306531,TSI_line
9.2,2.52150599306531,TSI_line
9.2,2.52150599306531,TSI_line
9.2,2.52150599306531,TSI_line
9.2,2.52150599306531,TSI_line
9.2,2.52150599306531,TSI_line
9.2,2.52150599306531,TSI_line
9.2,2.52150599306531,TSI_line
9.2,2.52150599306531,TSI_line
9.2,2.52150599306531,TSI_line
9.2,2.52150599306531,TSI_line
9.2,2.52150599306531,TSI_line
9.2,2.52150599306531,TSI_line
9.2,2.52150599306531,TSI_line
9.2,2.52150599306531,TSI_line
9.2,2.52150599306531,TSI_line
9.2,2.52150599306531,TSI_line
9.2,2.52150599306531,TSI_line
9.2,2.52150599306531,TSI_line
9.2,2.52150599306531,TSI_line
9.2,2.52150599306531,TSI_line
9.2,2.52150599306531,TSI_line
9.2,2.52150599306531,TSI_line
9.2,2.52150599306531,TSI_line
9.2,2.52150599306531,TSI_line
9.2,2.52150599306531,TSI_line
9.2,2.52150599306531,TSI_line
9.2,2.52150599306531,TSI_line
9.2,2.52150599306531,TSI_line
9.2,2.52150599306531,TSI_line
9.2,2.52150599306531,TSI_line
9.2,2.52150599306531,TSI_line
9.2,2.52150599306531,TSI_line
9.2,2.52150599306531,TSI_line
9.2,2.52150599306531,TSI_line
9.2,2.52150599306531,TSI_line
9.2,2.52150599306531,TSI_line
9.2,2.52150599306531,TSI_line
9.2,2.52150599306531,TSI_line
9.2,2.52150599306531,TSI_line
9.2,2.52150599306531,TSI_line
9.2,2.52150599306531,TSI_line
9.2,2.52150599306531,TSI_line
9.2,2.52150599306531,TSI_line
9.2,2.52150599306531,TSI_line
9.2,2.52150599306531,TSI_line
9.2,2.52150599306531,TSI_line
9.2,2.52150599306531,TSI_line
9.3,2.60389924502181,TSI_line
9.3,2.60389924502181,TSI_line
9.3,2.60389924502181,TSI_line
9.3,2.60389924502181,TSI_line
9.3,2.60389924502181,TSI_line
9.3,2.60389924502181,TSI_line
9.3,2.60389924502181,TSI_line
9.3,2.60389924502181,TSI_line
9.3,2.60389924502181,TSI_line
9.3,2.60389924502181,TSI_line
9.3,2.60389924502181,TSI_line
9.3,2.60389924502181,TSI_line
9.3,2.60389924502181,TSI_line
9.3,2.60389924502181,TSI_line
9.3,2.60389924502181,TSI_line
9.3,2.60389924502181,TSI_line
9.3,2.60389924502181,TSI_line
9.3,2.60389924502181,TSI_line
9.3,2.60389924502181,TSI_line
9.3,2.60389924502181,TSI_line
9.3,2.60389924502181,TSI_line
9.3,2.60389924502181,TSI_line
9.3,2.60389924502181,TSI_line
9.3,2.60389924502181,TSI_line
9.3,2.60389924502181,TSI_line
9.3,2.60389924502181,TSI_line
9.3,2.60389924502181,TSI_line
9.3,2.60389924502181,TSI_line
9.3,2.60389924502181,TSI_line
9.3,2.60389924502181,TSI_line
9.3,2.60389924502181,TSI_line
9.3,2.60389924502181,TSI_line
9.3,2.60389924502181,TSI_line
9.4,2.65463116938454,TSI_line
9.4,2.65463116938454,TSI_line
9.4,2.65463116938454,TSI_line
9.4,2.65463116938454,TSI_line
9.4,2.65463116938454,TSI_line
9.4,2.65463116938454,TSI_line
9.4,2.65463116938454,TSI_line
9.4,2.65463116938454,TSI_line
9.4,2.65463116938454,TSI_line
9.4,2.65463116938454,TSI_line
9.4,2.65463116938454,TSI_line
9.4,2.65463116938454,TSI_line
9.4,2.65463116938454,TSI_line
9.4,2.65463116938454,TSI_line
9.4,2.65463116938454,TSI_line
9.4,2.65463116938454,TSI_line
9.4,2.65463116938454,TSI_line
9.4,2.65463116938454,TSI_line
9.4,2.65463116938454,TSI_line
9.4,2.65463116938454,TSI_line
9.4,2.65463116938454,TSI_line
9.4,2.65463116938454,TSI_line
9.4,2.65463116938454,TSI_line
9.4,2.65463116938454,TSI_line
9.4,2.65463116938454,TSI_line
9.5,2.68515906207285,TSI_line
9.5,2.68515906207285,TSI_line
9.5,2.68515906207285,TSI_line
9.5,2.68515906207285,TSI_line
9.5,2.68515906207285,TSI_line
9.5,2.68515906207285,TSI_line
9.5,2.68515906207285,TSI_line
9.5,2.68515906207285,TSI_line
9.5,2.68515906207285,TSI_line
9.5,2.68515906207285,TSI_line
9.5,2.68515906207285,TSI_line
9.5,2.68515906207285,TSI_line
9.5,2.68515906207285,TSI_line
9.5,2.68515906207285,TSI_line
9.5,2.68515906207285,TSI_line
9.5,2.68515906207285,TSI_line
9.5,2.68515906207285,TSI_line
9.5,2.68515906207285,TSI_line
9.5,2.68515906207285,TSI_line
9.5,2.68515906207285,TSI_line
9.5,2.68515906207285,TSI_line
9.5,2.68515906207285,TSI_line
9.6,2.70694021900609,TSI_line
9.6,2.70694021900609,TSI_line
9.6,2.70694021900609,TSI_line
9.6,2.70694021900609,TSI_line
9.6,2.70694021900609,TSI_line
9.6,2.70694021900609,TSI_line
9.6,2.70694021900609,TSI_line
9.6,2.70694021900609,TSI_line
9.6,2.70694021900609,TSI_line
9.6,2.70694021900609,TSI_line
9.6,2.70694021900609,TSI_line
9.6,2.70694021900609,TSI_line
9.6,2.70694021900609,TSI_line
9.6,2.70694021900609,TSI_line
9.6,2.70694021900609,TSI_line
9.6,2.70694021900609,TSI_line
9.6,2.70694021900609,TSI_line
9.6,2.70694021900609,TSI_line
9.6,2.70694021900609,TSI_line
9.6,2.70694021900609,TSI_line
9.6,2.70694021900609,TSI_line
9.6,2.70694021900609,TSI_line
9.6,2.70694021900609,TSI_line
9.6,2.70694021900609,TSI_line
9.6,2.70694021900609,TSI_line
9.6,2.70694021900609,TSI_line
9.6,2.70694021900609,TSI_line
9.6,2.70694021900609,TSI_line
9.7,2.72940944677688,TSI_line
9.7,2.72940944677688,TSI_line
9.7,2.72940944677688,TSI_line
9.7,2.72940944677688,TSI_line
9.7,2.72940944677688,TSI_line
9.7,2.72940944677688,TSI_line
9.7,2.72940944677688,TSI_line
9.7,2.72940944677688,TSI_line
9.7,2.72940944677688,TSI_line
9.7,2.72940944677688,TSI_line
9.7,2.72940944677688,TSI_line
9.7,2.72940944677688,TSI_line
9.7,2.72940944677688,TSI_line
9.7,2.72940944677688,TSI_line
9.7,2.72940944677688,TSI_line
9.7,2.72940944677688,TSI_line
9.7,2.72940944677688,TSI_line
9.7,2.72940944677688,TSI_line
9.7,2.72940944677688,TSI_line
9.7,2.72940944677688,TSI_line
9.7,2.72940944677688,TSI_line
9.7,2.72940944677688,TSI_line
9.7,2.72940944677688,TSI_line
9.7,2.72940944677688,TSI_line
9.8,2.75391159467089,TSI_line
9.8,2.75391159467089,TSI_line
9.8,2.75391159467089,TSI_line
9.8,2.75391159467089,TSI_line
9.8,2.75391159467089,TSI_line
9.8,2.75391159467089,TSI_line
9.8,2.75391159467089,TSI_line
9.8,2.75391159467089,TSI_line
9.8,2.75391159467089,TSI_line
9.8,2.75391159467089,TSI_line
9.8,2.75391159467089,TSI_line
9.9,2.77976902264704,TSI_line
9.9,2.77976902264704,TSI_line
9.9,2.77976902264704,TSI_line
9.9,2.77976902264704,TSI_line
9.9,2.77976902264704,TSI_line
9.9,2.77976902264704,TSI_line
9.9,2.77976902264704,TSI_line
9.9,2.77976902264704,TSI_line
9.9,2.77976902264704,TSI_line
9.9,2.77976902264704,TSI_line
9.9,2.77976902264704,TSI_line
9.9,2.77976902264704,TSI_line
9.9,2.77976902264704,TSI_line
9.9,2.77976902264704,TSI_line
9.9,2.77976902264704,TSI_line
9.9,2.77976902264704,TSI_line
9.9,2.77976902264704,TSI_line
10,2.80630409066426,TSI_line
10,2.80630409066426,TSI_line
10,2.80630409066426,TSI_line
10,2.80630409066426,TSI_line
10,2.80630409066426,TSI_line
10,2.80630409066426,TSI_line
10,2.80630409066426,TSI_line
10,2.80630409066426,TSI_line
10,2.80630409066426,TSI_line
10,2.80630409066426,TSI_line
10,2.80630409066426,TSI_line
10,2.80630409066426,TSI_line
10,2.80630409066426,TSI_line
10,2.80630409066426,TSI_line
10,2.80630409066426,TSI_line
10,2.80630409066426,TSI_line
10,2.80630409066426,TSI_line
10,2.80630409066426,TSI_line
10,2.80630409066426,TSI_line
10,2.80630409066426,TSI_line
10,2.80630409066426,TSI_line
10,2.80630409066426,TSI_line
10,2.80630409066426,TSI_line
10,2.80630409066426,TSI_line
10,2.80630409066426,TSI_line
10,2.80630409066426,TSI_line
10,2.80630409066426,TSI_line
10,2.80630409066426,TSI_line
10,2.80630409066426,TSI_line
10,2.80630409066426,TSI_line
10,2.80630409066426,TSI_line
10,2.80630409066426,TSI_line
10,2.80630409066426,TSI_line
10,2.80630409066426,TSI_line
10,2.80630409066426,TSI_line
10,2.80630409066426,TSI_line
10,2.80630409066426,TSI_line
10,2.80630409066426,TSI_line
10,2.80630409066426,TSI_line
10,2.80630409066426,TSI_line
10,2.80630409066426,TSI_line
10,2.80630409066426,TSI_line
10,2.80630409066426,TSI_line
10,2.80630409066426,TSI_line
